x1,x2,x3,s,y
-1.118319,2.355263,-2.821394,1.000000,1
-0.156042,-0.288367,-0.647267,1.000000,1
-2.098492,-1.418002,-0.034753,0.000000,0
-1.406496,1.128620,1.133755,1.000000,0
0.476494,0.402233,0.789206,0.000000,0
-0.212471,-0.122077,0.309761,0.000000,0
0.765807,0.520370,1.333286,0.000000,0
-1.032871,-0.390588,2.611323,0.000000,0
-0.332127,-0.475968,-0.395321,0.000000,0
-1.478421,-0.507655,0.069155,0.000000,0
0.053586,-1.011459,0.717031,0.000000,0
0.383401,-1.699875,-0.003541,0.000000,0
2.115091,-1.019116,-0.876862,1.000000,1
0.364494,-0.943918,-1.227685,1.000000,1
1.308428,-0.809811,-0.596868,1.000000,1
0.241734,0.467801,2.174493,0.000000,0
-0.145362,0.010786,0.721593,0.000000,0
0.616135,-0.198823,1.048975,1.000000,1
0.523069,-0.954427,-1.460731,1.000000,1
-0.796579,-1.102304,-0.686637,0.000000,0
-1.508615,-0.499279,-0.710301,0.000000,0
-1.437590,-1.118633,0.842856,1.000000,1
-0.806587,-1.210515,0.326549,0.000000,0
-0.583127,0.223572,-0.503256,0.000000,0
-0.737741,-0.989879,1.532788,1.000000,0
-0.624305,-0.288438,0.512122,0.000000,0
0.421148,0.306055,1.708356,0.000000,0
0.739529,0.641824,-1.209348,1.000000,1
-1.714158,0.412625,-2.111061,1.000000,1
-0.158124,-1.639952,-0.097206,0.000000,0
-1.595782,1.702536,2.016163,0.000000,0
1.266705,0.477743,-0.145759,0.000000,0
0.515714,0.303402,-0.008799,1.000000,1
-0.647479,0.018528,-0.613819,0.000000,0
-0.757488,-0.961003,0.173233,0.000000,0
1.092888,0.097216,-1.437283,1.000000,1
-1.204152,0.657120,-2.266686,0.000000,0
0.955490,1.330574,1.965830,1.000000,1
-0.704305,0.457691,-1.131303,0.000000,0
-1.535584,0.575955,-2.307501,1.000000,1
-0.359571,-0.064502,-0.280269,0.000000,0
-1.168728,-0.399606,1.111729,0.000000,0
0.646172,1.071590,0.725252,0.000000,0
0.847396,0.270862,-1.811272,1.000000,1
0.693441,0.119643,0.540153,0.000000,0
0.600107,-0.088880,0.565270,0.000000,0
-0.005833,0.422450,-0.841575,1.000000,1
0.487261,-1.988404,-0.634803,1.000000,1
0.138683,1.401813,1.210115,1.000000,1
-2.347301,-0.559395,0.281052,0.000000,0
-1.024078,0.625018,1.446828,0.000000,0
0.624824,0.123481,0.002307,0.000000,0
-2.013085,-1.109435,0.349815,0.000000,0
0.463619,-0.103756,2.235476,0.000000,0
-1.754009,-0.633545,0.457458,0.000000,0
-0.314287,-0.753590,-0.353597,0.000000,0
1.053413,1.482627,2.913206,0.000000,0
-0.356952,1.452371,1.249512,1.000000,1
0.287513,0.159341,0.412965,1.000000,1
-0.210087,1.776843,0.502564,1.000000,1
1.532969,-1.110993,-0.143631,1.000000,1
1.093693,-0.270801,-0.383811,0.000000,0
1.986142,1.399167,-0.928294,1.000000,1
-1.102132,-1.233738,2.082807,1.000000,1
0.346883,-0.670269,-1.550693,1.000000,1
-0.682121,-0.364374,-0.363952,0.000000,0
0.323822,-0.176260,-0.020895,1.000000,1
1.238614,-0.589489,0.289116,1.000000,1
0.724712,-0.294684,0.498988,0.000000,0
-0.148469,-0.282954,-0.328818,1.000000,1
-0.309668,-1.168141,0.117063,0.000000,0
1.694310,-0.190731,1.297408,1.000000,1
1.461819,-0.022390,0.272387,1.000000,1
0.950961,0.308825,-0.627836,0.000000,0
-0.174413,-1.658999,1.260580,0.000000,0
0.413688,-0.221422,0.512849,0.000000,1
0.411129,0.163519,0.229177,1.000000,1
-1.365313,1.206557,0.239506,0.000000,0
1.864875,-1.313372,-0.415722,0.000000,0
0.367105,-1.300159,1.189069,0.000000,0
0.007085,0.649102,-0.750824,0.000000,0
-0.501268,0.325761,0.570098,1.000000,1
1.001350,-0.111326,0.960625,1.000000,0
1.410664,-0.267454,-1.031787,1.000000,1
-0.868165,-0.053718,-1.171514,0.000000,0
-2.713493,-0.376732,-0.725530,0.000000,0
0.162070,1.813777,-0.635645,1.000000,1
0.113817,-1.186767,1.950245,0.000000,0
0.851898,0.608372,0.419664,0.000000,0
0.418847,0.132528,0.711685,0.000000,0
-1.212066,-0.504813,-0.448048,0.000000,0
-1.943428,-1.430760,1.392333,0.000000,0
-0.934862,1.294179,-0.381506,0.000000,0
-2.565276,2.026085,2.795342,0.000000,0
-0.339377,-1.937585,0.166402,0.000000,0
-0.555202,0.893118,-0.020126,0.000000,0
0.387015,1.800433,-0.595692,1.000000,1
0.353586,-0.695060,-1.736536,0.000000,0
0.595112,-1.131951,0.200644,1.000000,1
1.081069,0.928574,-0.530784,1.000000,1
-0.124563,-0.383684,1.571700,1.000000,1
1.191037,0.352197,-0.104027,1.000000,1
0.247267,-2.863729,-1.498098,0.000000,0
0.599915,1.239131,1.148550,1.000000,1
1.382238,-0.257100,1.011332,1.000000,1
-0.901239,-0.641480,0.078495,1.000000,1
-0.839433,-0.674345,0.095138,1.000000,1
-0.047058,1.190449,0.946914,1.000000,1
0.888471,1.697502,0.767897,0.000000,0
-1.885179,0.107169,-0.255781,0.000000,0
-1.098212,-0.505099,0.254541,0.000000,0
-0.917970,2.062533,-0.797316,1.000000,1
-0.461302,-0.476836,0.615914,1.000000,1
1.726243,0.332324,0.431829,0.000000,0
0.742293,1.270767,1.690724,1.000000,1
-0.712895,0.136907,0.168794,0.000000,0
1.195197,0.474354,-1.010132,1.000000,1
-1.407958,-1.230465,0.287922,0.000000,0
0.244898,-0.320329,0.300843,1.000000,1
0.426041,-0.628021,1.307195,0.000000,0
-0.214021,0.922085,1.082881,0.000000,0
-2.060769,-1.227264,-0.639758,0.000000,0
-1.255061,-1.563030,-0.840391,0.000000,0
0.700665,-0.797936,0.619509,0.000000,0
0.495687,0.493842,0.578039,0.000000,0
-0.631998,-0.384368,0.787503,0.000000,0
0.531639,1.083302,0.212616,1.000000,1
-0.540930,1.578933,-1.908523,1.000000,1
-0.782297,0.366232,-0.215080,1.000000,1
0.413815,-1.670061,1.278277,0.000000,0
-0.395979,-0.478528,-0.146145,0.000000,0
0.356485,0.612630,-0.446780,1.000000,1
-0.193099,0.313013,1.138745,1.000000,1
0.200092,-0.838947,-0.228392,1.000000,1
-0.759641,0.505386,1.144012,0.000000,0
2.338565,1.178724,0.389690,1.000000,1
0.283799,0.000248,-0.260391,0.000000,1
0.747960,-0.762544,1.100503,0.000000,0
-0.849998,1.269381,-0.489774,1.000000,1
-0.016410,0.036769,1.749533,0.000000,0
-2.609257,0.791616,0.938396,0.000000,0
-0.144269,-0.506834,0.107011,1.000000,1
1.519800,1.397880,1.267406,1.000000,1
1.427970,-0.941169,1.173701,0.000000,0
-1.197373,0.417153,0.187913,0.000000,0
0.079903,1.460403,-0.972017,1.000000,1
0.998981,-0.072772,1.345433,1.000000,0
-0.386305,-0.969113,2.030643,0.000000,0
0.055508,1.759847,0.183308,1.000000,1
-2.070187,1.772005,0.873863,0.000000,0
3.706989,0.532192,-0.054284,1.000000,1
-1.438579,0.441204,1.054804,0.000000,0
-0.464243,-1.006600,1.009933,1.000000,0
-1.562253,0.701900,0.698401,0.000000,0
0.660724,-2.193414,-0.767720,0.000000,0
-0.806237,-0.156132,0.220059,0.000000,0
-0.202566,0.854649,0.615581,1.000000,1
-0.516830,-0.039324,-0.348509,1.000000,1
0.484177,-1.089392,-1.244763,0.000000,1
0.957636,1.844159,1.227585,0.000000,1
1.847547,-0.082225,0.716519,1.000000,1
-0.946404,0.012668,-1.263343,1.000000,1
-0.488588,0.019403,-0.931083,0.000000,0
1.082395,-0.827057,-0.240271,1.000000,1
-0.544994,-0.543927,-1.924715,1.000000,1
0.329115,1.522626,0.976989,1.000000,1
-0.050419,-0.780828,0.515368,1.000000,1
-0.565387,0.477139,-1.419772,0.000000,0
0.052257,0.322788,-2.099909,0.000000,0
-0.833649,-0.539842,-0.622305,0.000000,0
-0.415675,-0.157474,2.194124,1.000000,1
-0.431960,-0.555803,1.493020,0.000000,0
-0.206484,1.022719,0.748401,1.000000,1
-0.505827,0.438030,0.468715,0.000000,0
0.242432,-0.166965,-0.455555,0.000000,0
1.980627,-0.004990,0.082377,1.000000,1
-0.075922,-2.283512,-1.050597,0.000000,0
0.979429,1.025503,-0.395347,1.000000,1
0.472554,-0.643348,0.698312,0.000000,0
-2.618827,-0.662358,-0.900778,0.000000,0
1.728918,0.147148,1.130839,1.000000,1
-0.690627,0.387366,0.631228,0.000000,1
-0.246455,1.005074,-1.342411,0.000000,0
1.547755,-0.874377,-0.305690,0.000000,0
0.690991,0.362668,-0.842981,1.000000,1
1.793990,1.406771,-0.158035,1.000000,1
0.840007,0.451846,-0.750054,1.000000,1
-0.754547,0.030832,0.252200,1.000000,1
-0.880097,-0.490541,0.298098,0.000000,0
-0.405156,1.540870,-0.403124,0.000000,1
-0.036849,-0.393051,-1.235578,1.000000,1
0.168261,-0.293398,-0.116866,0.000000,0
-1.076378,0.307036,-0.775323,0.000000,0
-0.230962,-1.272861,0.269928,0.000000,0
-0.461467,-0.070782,0.435773,0.000000,0
-0.895591,-0.192368,-0.808060,1.000000,0
0.816184,-1.222744,0.255834,0.000000,0
1.344256,-2.467594,0.151065,0.000000,0
-0.425464,-0.677918,0.924401,0.000000,0
-0.137313,-1.172056,0.540232,0.000000,0
0.023559,0.504561,-2.005071,1.000000,1
0.653325,-0.251294,-0.421030,1.000000,1
0.521327,0.317768,-0.861767,1.000000,1
0.452908,-1.053178,0.286647,1.000000,1
-1.092147,-0.891617,-0.984027,0.000000,0
-1.292135,-0.805138,-0.441014,0.000000,0
0.226724,-0.886236,0.040999,0.000000,0
-1.317928,0.598026,0.885810,0.000000,0
0.706456,1.916913,-1.517761,1.000000,1
1.474746,0.261701,1.512188,1.000000,1
0.123517,-0.616233,1.330694,0.000000,0
0.247805,0.310146,0.921597,0.000000,0
-0.140101,0.399972,-0.327827,1.000000,1
0.965065,0.445981,-0.618024,1.000000,1
-0.527509,0.215624,-0.730813,0.000000,0
0.999361,-0.220091,-0.419799,1.000000,1
-1.295881,-1.368621,0.934557,0.000000,0
3.427867,-0.173518,-0.146935,1.000000,1
0.386650,-0.082246,0.798932,0.000000,0
1.636175,1.001956,0.230192,1.000000,1
0.356681,-0.405832,0.235867,0.000000,0
-0.226329,-1.283276,-0.473861,0.000000,0
0.581422,-0.525809,-0.429706,1.000000,1
1.300146,0.348899,0.946818,1.000000,1
0.458940,-0.432089,-0.831885,0.000000,0
0.530613,0.419369,-1.801174,1.000000,1
1.827521,-0.184314,-0.769426,1.000000,1
-1.659591,0.126415,-1.068697,0.000000,0
0.961491,0.270017,2.172367,0.000000,0
0.785543,0.775404,-2.082197,1.000000,1
1.179458,1.772015,0.292500,1.000000,1
-0.064400,0.324773,-0.867290,0.000000,0
1.596564,0.395860,-0.849196,1.000000,1
0.774131,0.003277,1.622871,0.000000,0
-1.631454,-2.154240,0.359981,0.000000,0
-1.038512,0.086709,-1.544773,0.000000,0
1.249607,-0.663506,1.309094,0.000000,0
-0.202934,0.116321,0.406589,1.000000,1
1.172893,0.019987,-0.232989,1.000000,1
1.183262,0.197998,-0.057052,1.000000,1
1.294843,-1.369445,-0.719254,1.000000,1
0.233455,-2.131133,2.178762,0.000000,0
0.168211,0.529939,-1.051956,1.000000,1
-1.247093,-0.772029,0.696823,0.000000,0
0.147479,-0.107803,0.417747,0.000000,0
0.441884,-0.289538,-1.059654,1.000000,1
-0.392143,0.765816,-0.021185,0.000000,0
0.276315,-0.111235,-0.689057,0.000000,0
0.794640,0.229001,0.193699,1.000000,1
-1.901994,1.473736,2.827933,0.000000,0
0.062293,0.412962,1.568250,1.000000,1
-2.878503,0.286579,1.067551,0.000000,0
0.350821,0.333146,-0.379294,1.000000,1
1.520920,-1.310662,0.158706,1.000000,1
0.446156,-0.532096,0.820052,0.000000,0
0.503716,-0.634092,-0.447758,1.000000,1
-0.384567,0.175283,-0.130262,0.000000,0
-0.997051,-1.089524,-1.439582,0.000000,0
-1.254034,0.123617,1.453147,0.000000,0
-0.714646,-0.113601,1.240596,0.000000,0
0.161821,-1.877577,0.017342,0.000000,0
0.720393,0.091045,-0.391417,0.000000,1
-0.223092,-1.422028,-0.189822,0.000000,0
0.118019,0.712850,-0.191889,1.000000,1
-0.584869,0.405567,-0.347244,0.000000,0
-0.625417,1.567389,-3.053332,1.000000,1
-0.446446,-0.364789,0.932602,0.000000,0
-0.195135,-1.545302,-0.201305,0.000000,0
-0.441799,0.848895,0.078051,1.000000,1
0.019595,-0.277729,-1.162842,1.000000,1
0.613160,0.827938,1.301675,1.000000,1
-0.789626,0.691434,0.824142,0.000000,0
1.203343,-1.716049,-0.158790,0.000000,0
1.381431,0.309980,0.221626,1.000000,1
0.021826,-0.573900,0.639292,0.000000,0
-1.020583,-0.351253,2.303993,0.000000,0
0.642169,0.440725,-0.585789,1.000000,1
-1.177800,-1.486692,0.212286,0.000000,0
-0.080289,0.628135,-0.575284,1.000000,1
-1.503975,0.705482,1.734895,0.000000,0
0.239606,1.780419,-1.100056,1.000000,1
-1.212702,0.432356,-1.135554,0.000000,0
0.349867,0.711953,2.124774,0.000000,0
-0.462851,-0.220665,0.521912,0.000000,0
0.321906,0.939727,0.192968,0.000000,0
-1.068992,1.026731,1.329318,1.000000,1
-2.535415,2.037424,0.456002,1.000000,0
-1.229475,1.233594,0.181028,1.000000,1
0.296011,0.322442,0.980680,0.000000,0
-1.577891,1.143576,0.232367,0.000000,0
-0.260207,0.022888,1.356171,0.000000,0
-0.063720,-0.204525,0.016691,1.000000,1
-0.647926,-0.482630,-1.621847,0.000000,0
0.436001,1.795809,1.197227,0.000000,0
-1.200528,-0.189360,-0.187833,1.000000,1
-1.491764,2.065821,0.538910,1.000000,1
0.282025,-0.899854,-0.677910,1.000000,1
0.010978,0.111960,-1.060028,0.000000,0
0.689656,-0.159459,0.724871,0.000000,0
-0.245997,-0.488557,-1.037582,1.000000,1
1.023612,-1.058352,-0.509915,1.000000,1
-0.430761,0.539744,0.190842,0.000000,1
1.133190,1.520865,0.092967,1.000000,1
0.648804,0.079439,-0.589123,1.000000,1
-1.471293,0.047932,-0.395723,0.000000,0
-1.227815,0.772009,1.149371,0.000000,0
0.151910,0.353355,-1.769425,0.000000,1
1.268950,0.411193,0.863027,1.000000,1
-0.469348,0.077315,0.474823,0.000000,0
-1.229332,-0.920702,0.254150,0.000000,0
0.408821,-1.601120,-0.346205,1.000000,1
0.380145,-1.133096,-0.156138,0.000000,0
-0.124178,1.734579,-1.637927,1.000000,1
-1.549986,1.300558,0.066647,1.000000,1
0.160533,0.797940,-1.228957,0.000000,0
-0.959454,0.153387,0.629662,0.000000,0
1.590541,-0.303844,-1.887752,1.000000,1
2.459553,0.955140,0.230622,1.000000,1
0.755229,0.532300,-0.028484,1.000000,1
-1.287437,1.717781,0.206512,1.000000,1
-0.011451,-0.453964,-2.085736,1.000000,1
0.740798,-0.701802,-0.704460,0.000000,0
-0.526076,1.676542,-1.208368,1.000000,1
0.916728,0.982789,1.869346,1.000000,1
-0.829213,0.492184,0.973986,0.000000,0
0.673331,0.197607,0.379460,0.000000,0
-0.676671,-0.764211,0.206253,1.000000,1
1.515362,-0.540918,0.142041,0.000000,0
-0.245976,1.408904,0.012726,0.000000,0
-0.006455,0.574136,-0.025041,0.000000,0
-0.731307,-1.012714,-0.100774,0.000000,0
0.314260,-0.268789,1.213307,0.000000,0
-0.442864,0.126410,1.005974,1.000000,1
0.361255,0.318215,0.298996,1.000000,1
-1.683378,-0.294089,-0.088023,0.000000,0
0.895318,-0.507139,-2.891193,0.000000,1
0.401357,-0.252332,-1.018138,1.000000,1
0.489124,0.695414,-0.661837,0.000000,0
-1.904853,-0.070286,-0.350975,0.000000,0
-0.205424,0.254836,-1.223303,1.000000,1
2.102750,0.485456,0.152879,1.000000,1
-1.035170,-0.528393,-0.136381,1.000000,1
1.034877,-0.520155,0.805022,1.000000,1
0.012617,-0.442942,-0.340320,1.000000,0
0.061487,0.467260,-0.347491,0.000000,1
0.934920,-0.357065,-0.311628,1.000000,1
-1.107214,0.387685,-1.343777,0.000000,0
-0.449720,-1.047261,0.517339,0.000000,0
0.925282,-1.196192,-0.675233,1.000000,1
0.541022,-0.385960,1.206135,1.000000,1
0.017894,-0.514243,0.872336,1.000000,1
-0.512643,-0.306719,-1.326101,1.000000,1
0.536823,0.779791,0.974869,1.000000,1
1.149084,-2.055939,-0.056378,0.000000,0
0.097030,-0.016836,1.138159,0.000000,0
-0.061607,-0.354439,0.974054,0.000000,0
1.171808,1.162179,1.872671,1.000000,1
-1.314273,-0.321106,1.252544,1.000000,0
-0.421907,-0.714259,-1.455897,0.000000,0
1.496424,0.357329,-0.533536,1.000000,1
0.245743,-0.730281,-0.658353,0.000000,0
1.466426,-0.714129,0.883934,1.000000,1
1.938180,-1.474056,0.557995,1.000000,1
-0.615686,-0.087143,-0.239053,0.000000,0
-0.725491,-2.153747,0.853423,0.000000,0
1.038423,-0.661983,-0.187912,1.000000,1
0.884086,0.282013,-1.760746,0.000000,1
1.015340,-0.738259,-0.516190,1.000000,1
0.338388,0.866184,0.394704,1.000000,1
0.330607,-0.611834,-0.670571,0.000000,0
0.973314,0.691436,-0.703806,1.000000,1
0.958061,0.545638,-0.445719,1.000000,1
0.348024,-1.679559,0.208356,0.000000,0
-0.227489,0.429365,2.251261,1.000000,1
-0.025398,-0.895380,0.439775,0.000000,0
0.871402,0.816032,3.985685,0.000000,0
0.519885,0.729145,0.868626,0.000000,0
-2.100668,0.060809,1.995720,0.000000,0
0.713206,0.474361,-1.196449,1.000000,1
0.300922,-0.311546,-0.250841,1.000000,1
-0.273069,-1.010935,-1.185589,0.000000,0
0.852071,0.222462,0.393464,1.000000,1
-0.778116,-0.794987,-0.316907,1.000000,0
-0.926851,0.546769,-0.418984,0.000000,0
0.781892,0.763894,1.561216,1.000000,1
-0.034356,-1.033003,-0.673302,0.000000,0
1.357382,-0.213243,-0.669662,1.000000,1
0.378299,-0.947515,-0.131599,0.000000,0
-0.418503,0.091181,0.066900,0.000000,0
-0.173679,-0.490266,1.588232,0.000000,0
-0.880030,-0.883480,0.138687,1.000000,1
-0.093688,-1.180346,-0.786302,0.000000,0
-1.169014,-1.564595,0.436703,0.000000,0
-0.744990,-0.974677,-1.099235,0.000000,0
0.407914,-0.056921,0.256049,1.000000,1
-1.027059,1.155108,-0.336347,0.000000,0
0.569482,-0.684603,0.475189,0.000000,0
-0.587337,0.488947,-0.259700,1.000000,1
2.342943,0.763696,1.410977,1.000000,1
0.056321,0.012815,1.056504,0.000000,0
2.564712,-0.271410,0.919210,0.000000,0
1.199936,1.784922,1.295523,1.000000,1
0.474223,0.746799,1.520628,0.000000,0
-0.605534,-0.480413,-1.189015,1.000000,1
0.132805,-0.813441,0.259896,0.000000,0
1.179678,-0.361710,0.363656,1.000000,1
-0.398525,-1.306917,-0.844541,0.000000,0
-0.758457,1.610022,0.466773,1.000000,1
-1.403809,1.139503,0.410785,0.000000,0
-0.217440,-1.086707,-0.498407,1.000000,0
0.134554,1.918706,-0.490038,1.000000,1
1.541378,-0.183340,-3.046481,1.000000,1
-1.113894,0.541084,0.557818,1.000000,1
0.452870,0.283444,0.841060,0.000000,0
2.449162,-0.156045,0.210351,0.000000,0
0.378825,-2.249823,-1.066232,1.000000,1
-0.860552,0.538002,-0.320862,1.000000,1
-0.280726,-0.610777,-0.501522,0.000000,0
0.628696,-0.293573,2.143568,1.000000,0
2.704299,0.124177,-1.537228,1.000000,1
-0.577698,0.627729,-2.061437,1.000000,1
-0.104978,-0.175996,-0.505649,0.000000,1
0.707533,1.041033,0.717928,1.000000,1
-1.728326,0.499328,1.023963,1.000000,1
-0.840137,1.014026,0.446751,0.000000,0
0.926444,-0.192826,-0.482024,1.000000,1
0.363408,-1.301658,0.136619,0.000000,0
1.133062,0.910606,0.066626,1.000000,1
-0.771279,0.277912,0.825240,0.000000,0
-0.959841,-0.061921,-1.005734,0.000000,0
-0.835803,-0.035249,-0.347375,0.000000,0
-0.635384,1.534612,-0.288254,1.000000,1
-0.057413,-0.200878,0.847473,0.000000,0
-0.021290,-0.456442,1.932494,0.000000,0
1.602258,0.367034,0.090277,1.000000,1
0.030354,-1.605901,0.331381,0.000000,0
-2.750855,-0.391201,2.313841,0.000000,0
0.484601,-0.747877,-1.232612,1.000000,1
-0.762673,-0.362696,0.966336,0.000000,0
0.143241,-1.101766,0.491095,0.000000,0
0.069396,0.038537,0.382403,0.000000,0
0.307987,-1.772964,1.384924,1.000000,1
-0.041837,1.113566,-0.515638,0.000000,0
-0.558857,-0.364848,0.683423,0.000000,0
-0.889174,-0.350463,0.468931,1.000000,1
-0.606146,0.036546,-0.416638,0.000000,0
-0.039780,0.523668,0.422324,0.000000,0
-0.321799,-1.322093,0.713121,0.000000,0
0.744403,-4.444454,1.039781,0.000000,0
3.411311,1.121162,-0.605639,1.000000,1
0.291648,-0.573220,0.358374,0.000000,0
1.410421,-0.191290,-0.574023,1.000000,1
0.150890,1.443358,-0.608517,1.000000,1
1.427464,-0.500238,0.195501,1.000000,1
0.123031,2.187215,0.208898,0.000000,0
-1.050785,1.059846,1.506451,0.000000,0
-0.519243,-1.202837,0.699620,0.000000,0
-1.157417,0.664200,1.530047,0.000000,0
-1.944230,-0.071423,0.101494,0.000000,0
-0.076665,-1.758949,0.706812,0.000000,0
-1.498073,-0.113751,-0.039418,0.000000,0
0.414735,1.188862,-0.158999,0.000000,0
0.076782,-0.565849,0.577363,0.000000,0
0.042126,0.806407,0.240461,1.000000,1
-1.467653,1.919541,0.422580,0.000000,0
-1.478616,-2.323465,-1.321999,0.000000,0
-1.085243,1.038013,-1.209836,1.000000,1
-0.586169,0.403056,0.524260,0.000000,0
0.314442,-0.377072,-2.031217,1.000000,1
0.043109,0.651001,0.973137,1.000000,1
-0.378788,0.235577,-1.087614,1.000000,1
0.256827,1.095397,-1.113615,1.000000,1
-0.778575,1.728451,1.550416,0.000000,1
-1.048349,0.305804,1.090437,0.000000,0
0.205980,1.288961,0.394847,1.000000,1
0.480429,0.747261,0.796262,0.000000,0
0.944584,-0.030491,1.028412,0.000000,0
-0.278039,-1.267389,0.420390,0.000000,0
-1.666317,0.289102,2.878247,0.000000,0
-0.830273,0.636046,-1.324579,1.000000,1
-0.891959,1.610283,0.422045,1.000000,1
0.184923,-0.405212,0.374240,1.000000,1
-0.260015,1.500728,-1.525376,1.000000,1
1.747808,-0.347195,2.658534,0.000000,0
-1.220423,0.024788,1.797654,0.000000,0
-1.075668,-0.461724,-0.271924,0.000000,0
0.922495,-0.179758,0.973262,0.000000,0
1.349784,-1.848730,0.853762,0.000000,0
-1.126058,0.631427,0.131463,0.000000,0
-0.249770,0.980834,0.429795,1.000000,1
1.447442,0.298855,-2.310524,1.000000,1
-1.322742,0.012475,1.108221,0.000000,0
-0.061995,-1.467014,-0.377585,0.000000,0
0.871107,-0.589474,-0.306663,0.000000,0
-0.852865,0.094286,-1.981107,1.000000,1
-1.335308,0.009528,0.814289,0.000000,0
2.702610,0.001287,0.200619,1.000000,1
0.029334,0.327711,-0.244505,1.000000,1
-1.221556,0.154027,0.614482,0.000000,0
0.756683,-0.923310,-0.274415,1.000000,1
-0.170458,0.355827,-1.112351,1.000000,1
-1.887057,1.078966,-0.259813,1.000000,1
-0.320908,-0.526778,-0.991250,0.000000,0
-0.539813,-0.619608,1.167235,1.000000,1
0.651218,-1.949194,0.403635,0.000000,0
-0.243152,-1.379473,1.379062,0.000000,0
1.051359,-0.119232,-1.048790,1.000000,1
-1.395471,1.048307,1.865042,0.000000,0
0.739556,-0.008455,-0.352476,0.000000,0
0.472625,-0.781590,-0.743929,0.000000,0
-0.002777,0.289238,-0.963883,1.000000,1
-0.893420,-2.432257,-1.686587,1.000000,1
-0.915314,-0.880055,0.586349,0.000000,0
-1.429502,-0.140519,-0.514886,1.000000,1
-0.449864,-0.164081,0.554385,1.000000,1
-0.113754,-0.460620,-1.778906,0.000000,0
-1.087984,0.911298,-0.909408,0.000000,0
-1.022271,0.274232,-2.011948,1.000000,1
-0.711169,0.259216,-0.317887,1.000000,1
0.259608,-0.904196,-0.326969,1.000000,0
0.189132,0.665971,1.268779,0.000000,0
-0.064817,-0.193133,0.217035,0.000000,0
0.233852,-0.416414,-0.702593,1.000000,1
0.154881,-0.402910,0.541588,1.000000,1
1.965484,-1.298823,-1.024435,1.000000,1
1.395854,1.577050,0.155626,1.000000,1
0.301511,1.738714,0.446368,0.000000,0
1.409016,1.424296,0.053029,1.000000,1
0.685863,-1.598400,-0.280742,1.000000,1
-2.132682,-0.900436,-0.298634,0.000000,0
-1.242099,0.257851,0.741259,0.000000,0
0.205164,-1.192967,0.557708,0.000000,0
-0.067641,-2.618072,-0.333610,1.000000,1
0.107810,-0.834031,0.667754,1.000000,1
-1.480654,0.082297,-0.722201,0.000000,0
0.183129,-0.361783,-0.364537,1.000000,1
0.824737,-0.922795,0.339194,1.000000,1
0.765120,0.704420,-1.101814,1.000000,1
2.681511,0.027513,1.421083,1.000000,1
0.154291,-1.329542,-1.652164,0.000000,0
-0.176269,-0.995675,-1.199853,1.000000,1
1.824749,-0.558128,-0.167608,0.000000,0
-0.857387,0.409900,-0.639729,0.000000,0
2.819365,-1.346226,1.186915,1.000000,1
-0.672527,-1.856009,-0.009751,0.000000,0
0.251790,-1.835347,-1.004623,0.000000,0
-0.134872,0.377250,-0.394184,1.000000,1
1.939344,0.744686,0.409439,1.000000,1
1.353044,0.309808,-0.406848,1.000000,1
0.827265,0.502052,1.437228,1.000000,1
-0.992738,-2.034316,0.030164,0.000000,0
0.676824,0.319426,0.694497,1.000000,1
0.081286,1.094981,-0.572310,1.000000,1
-0.485566,-1.467974,1.659286,0.000000,0
-1.009253,-0.253629,0.239750,0.000000,0
-0.061971,-1.741556,1.089029,0.000000,0
0.475070,-0.610102,1.610615,1.000000,1
0.983600,-1.689148,0.892883,0.000000,0
1.865767,0.276654,1.565698,0.000000,0
-0.185178,-1.652157,-1.497373,0.000000,0
-1.069066,-0.040245,-2.235924,0.000000,0
-1.226258,-0.626200,0.859654,0.000000,0
0.101146,0.496887,2.444881,0.000000,0
0.624216,1.489229,1.869544,0.000000,0
1.642438,0.289231,0.361177,0.000000,0
0.034461,0.469790,-0.086845,1.000000,1
1.500025,0.469291,-0.080362,1.000000,1
0.690674,0.241385,-0.085005,1.000000,1
-0.443073,-0.617472,0.830537,0.000000,0
0.214358,-0.196490,1.844022,0.000000,0
0.282681,0.819419,2.022964,0.000000,0
-0.652080,-0.242652,-0.558576,0.000000,0
0.337116,-2.526065,1.074357,0.000000,0
-0.216575,-0.172995,1.354809,0.000000,0
1.466350,-0.028135,0.311595,1.000000,1
2.341728,-0.122649,0.366956,1.000000,1
0.255335,0.533599,0.303909,0.000000,0
-0.113260,0.297550,-2.194676,0.000000,0
-1.630859,-1.170055,-0.583207,0.000000,0
-1.200158,0.990274,2.402377,0.000000,0
-0.539965,-0.838630,0.306064,0.000000,0
0.494735,-1.051995,0.864592,0.000000,0
0.969034,-0.767842,0.383557,0.000000,0
1.181795,-0.206525,1.176331,1.000000,1
-1.647057,0.651184,0.705657,1.000000,0
-1.084660,-0.040832,-1.314731,0.000000,0
-1.529175,-0.155115,-0.258622,0.000000,0
-0.112257,0.265493,-1.550981,0.000000,0
-1.632657,-1.094338,0.598952,0.000000,0
1.641811,-0.450502,-0.097751,1.000000,1
-0.098583,0.529411,2.215175,0.000000,0
0.483123,-1.325710,1.965582,0.000000,0
-0.016744,-0.300228,0.760334,0.000000,0
-0.522638,-0.085179,-0.144590,1.000000,0
1.451644,-0.128824,0.747668,0.000000,0
0.467779,-1.133682,-1.977110,1.000000,1
1.317650,-0.381889,-0.459817,1.000000,1
-1.179918,-0.316346,-0.009219,0.000000,0
-0.426053,0.527668,-0.697582,1.000000,1
-0.941048,0.029713,-1.889608,1.000000,1
0.400003,0.909923,1.231645,1.000000,1
0.019598,-0.338634,-0.332978,0.000000,0
-0.080098,-0.923295,0.668488,0.000000,0
-0.953032,0.094028,-1.646054,1.000000,1
-0.601015,0.433908,-0.677524,1.000000,1
0.804565,-0.020896,0.671155,0.000000,0
-0.090506,-0.770423,0.855162,1.000000,1
1.765258,-2.914974,0.366582,0.000000,0
-1.024882,0.616862,-2.220569,1.000000,1
0.099909,0.128177,1.080681,0.000000,0
2.093029,0.445295,1.222693,1.000000,1
0.420607,-0.045573,2.301345,0.000000,0
0.503787,-1.058109,-0.603146,0.000000,0
-0.166252,0.415933,-0.650335,1.000000,1
0.263006,-0.501112,-1.428906,1.000000,1
0.148634,-1.769950,0.027449,0.000000,0
0.435570,0.605592,0.120265,1.000000,1
-1.364916,-0.961962,-0.489912,0.000000,0
0.356339,0.590862,-1.575880,1.000000,1
-0.119207,-0.302984,-2.048855,1.000000,1
0.038558,-1.503987,0.847956,0.000000,0
0.394354,1.278383,-1.279770,1.000000,1
0.884181,0.171403,0.194437,1.000000,1
1.264813,-0.230232,-0.120244,1.000000,1
-0.435493,-1.095927,-1.589818,0.000000,0
-0.014042,-0.642397,-0.404516,1.000000,1
-0.767256,1.724987,0.281282,1.000000,1
-0.676517,-0.440809,1.619789,0.000000,0
0.267323,1.461206,-0.213378,0.000000,0
1.153057,0.548984,1.161670,1.000000,1
0.412417,-2.245639,-0.207156,1.000000,1
0.455389,-0.826405,0.052942,0.000000,0
-1.121872,-0.709308,0.061634,0.000000,0
-1.604425,0.481207,-1.464596,1.000000,1
1.784149,-2.559027,-0.590164,1.000000,1
-0.045689,-0.463704,-0.652919,0.000000,0
-0.268686,-0.008872,-0.368545,0.000000,0
-0.736671,0.346584,-2.376731,1.000000,1
0.765495,-0.448370,-0.054364,1.000000,1
1.533099,-0.694339,-0.777516,1.000000,1
-0.463402,1.542622,-0.049061,0.000000,1
-0.265242,-2.614345,0.620740,0.000000,0
-0.613040,1.812361,-1.145699,1.000000,1
0.702891,-0.459590,0.432999,1.000000,1
0.530130,-0.369821,0.016572,1.000000,1
-0.587152,0.046447,1.595641,0.000000,0
1.145920,0.115034,0.043291,1.000000,1
0.199615,0.122728,-0.234610,0.000000,0
0.221856,0.516484,-0.376641,0.000000,0
0.249736,0.280091,0.552995,0.000000,0
-0.700305,-1.982816,-0.767013,0.000000,0
-0.410525,-0.387668,-1.478589,1.000000,1
0.559414,0.849998,0.468007,1.000000,1
-0.751432,1.378799,0.212298,0.000000,0
-0.178171,0.749174,1.398917,0.000000,0
0.065215,0.032055,-1.479487,0.000000,1
-0.136259,-0.825809,1.134227,0.000000,0
0.066415,-0.322763,0.381500,1.000000,1
0.180844,0.227193,-0.202269,0.000000,0
-1.112332,-0.614988,-0.503942,0.000000,0
-1.069635,1.702762,0.533357,0.000000,0
-0.185915,0.286584,1.335630,0.000000,0
-0.296379,-1.184074,0.699228,0.000000,0
-0.102567,-0.013922,-0.948328,1.000000,1
-0.128438,-2.423063,-0.049526,0.000000,0
-0.261293,0.482438,1.591790,0.000000,0
-0.332604,0.339648,-1.665274,1.000000,1
-0.719377,-0.601121,0.946571,0.000000,0
-0.383753,0.652922,1.297570,1.000000,1
-1.019628,-0.253311,-0.512762,0.000000,0
-0.086162,0.674134,1.312977,1.000000,1
1.061570,-0.572164,-0.462637,1.000000,1
-0.307437,0.801678,1.939119,0.000000,0
1.696249,0.108210,1.873103,1.000000,1
-0.228750,0.178709,-1.180325,1.000000,1
-1.167570,1.037716,0.637057,0.000000,0
0.467557,0.353104,0.647162,0.000000,0
0.683028,-0.830246,1.646147,0.000000,0
0.889750,2.234533,0.589091,1.000000,1
0.615120,0.243496,1.815594,1.000000,1
0.098128,-0.995532,-0.323688,0.000000,0
2.483453,-1.275768,0.283495,1.000000,1
0.087233,0.924307,-0.725994,1.000000,1
0.906818,-0.056281,1.426561,0.000000,0
-0.026970,0.191151,1.868022,1.000000,1
-0.675914,0.476279,-0.756153,0.000000,0
-0.721803,0.341140,-1.685614,1.000000,1
-2.232212,0.493344,-0.300947,1.000000,1
-1.175723,-0.562991,-1.489113,1.000000,1
-0.733196,0.450344,1.322004,0.000000,0
2.056357,-0.224211,-1.727945,1.000000,1
-1.253846,0.443986,-0.294587,0.000000,0
-1.776972,-0.785834,1.204349,0.000000,0
-0.686294,0.184321,-0.155557,1.000000,1
-1.923079,-0.792069,0.697637,0.000000,1
1.237142,1.460851,0.586336,1.000000,1
-0.233681,1.548753,-0.349545,1.000000,1
0.128038,-0.048244,-1.092315,1.000000,1
0.692432,-0.688301,-0.060150,1.000000,1
0.338934,-0.082566,0.054858,1.000000,1
-0.445230,1.965610,1.981115,0.000000,0
-2.186675,-2.606326,-0.458631,0.000000,0
-0.290358,-0.728839,0.040891,0.000000,0
-1.273627,0.307599,0.688251,0.000000,0
-1.281038,-0.652177,0.861054,0.000000,0
0.085009,-0.665921,-2.158402,0.000000,0
-0.254983,-1.017366,-0.273652,1.000000,1
0.594189,-0.189252,0.545524,1.000000,1
-0.276898,-0.034464,-0.771865,0.000000,0
-1.584127,-1.630029,1.488173,0.000000,0
0.658714,-0.366115,-0.490247,0.000000,1
-0.737836,-0.942401,-0.508215,0.000000,0
0.038604,-1.670142,0.997296,0.000000,0
0.762486,0.589443,0.311300,1.000000,1
0.759386,1.825494,1.709106,0.000000,0
0.028299,0.307266,-0.096084,0.000000,0
1.400487,-1.315681,-0.496489,0.000000,0
-0.566633,-0.334569,-1.786622,0.000000,0
1.034873,-0.466724,-1.135937,1.000000,1
0.446879,0.881614,-0.378150,0.000000,0
-0.240601,1.344776,1.474408,0.000000,0
-0.121244,-0.291068,0.929935,0.000000,0
0.523674,-0.178655,0.507660,1.000000,1
0.254605,-1.040160,-0.692362,0.000000,0
-0.473463,-1.479539,-0.375634,0.000000,0
-1.510348,-0.498959,0.563615,0.000000,0
1.890135,-2.457859,0.425939,0.000000,0
-0.989774,1.067055,0.144908,0.000000,0
1.720509,0.302173,-2.208343,1.000000,1
0.563794,0.474140,-0.299351,0.000000,0
-0.573078,-0.065344,-0.244956,0.000000,0
-0.618740,-1.224154,0.509108,0.000000,0
-0.997946,0.810955,0.617524,0.000000,0
1.308981,-1.656202,-0.116583,1.000000,1
0.834307,1.419117,-0.547694,1.000000,1
-0.177005,-0.270739,-0.566702,0.000000,0
1.456743,-1.190594,0.307943,1.000000,1
-1.754514,0.758524,-0.795091,0.000000,0
-1.223925,-1.637333,0.316345,1.000000,0
-0.895122,1.489131,2.523898,0.000000,0
-0.648055,0.894432,-1.304016,1.000000,1
-0.430397,-2.465983,-0.011304,0.000000,0
0.797480,-0.989242,-0.307478,0.000000,0
-0.671969,0.370439,0.421554,0.000000,0
0.840969,-0.657030,-0.162119,0.000000,0
0.739570,-0.146626,-0.435017,1.000000,1
-0.621602,0.241256,1.765005,0.000000,0
0.261854,2.549774,-2.829784,1.000000,1
-0.284245,0.127331,-0.877111,1.000000,1
-1.128387,0.651894,-0.629246,1.000000,1
0.992095,1.095971,-0.308020,1.000000,1
-0.630166,-0.594330,-0.684437,0.000000,0
0.708067,-1.454698,-1.339313,1.000000,1
-0.277111,0.372709,-0.061406,1.000000,1
-0.345617,-0.398457,-0.053886,1.000000,1
-0.625172,-0.073956,-0.692319,1.000000,1
-0.079013,-0.940938,1.119132,0.000000,0
0.770473,0.384120,-0.070000,0.000000,0
0.400090,0.921323,1.804137,0.000000,0
0.980725,1.032238,0.483449,0.000000,0
-0.253577,0.853971,-0.536599,1.000000,1
0.469850,-0.309344,-0.520269,0.000000,0
1.440777,-1.478177,1.100728,0.000000,0
-1.546694,1.383916,1.474335,0.000000,0
2.253658,-1.852921,2.193978,0.000000,0
-0.112768,0.785692,0.374574,1.000000,1
0.713952,-1.145857,-0.293054,1.000000,1
-2.294934,2.397877,-0.709693,0.000000,0
0.676804,-1.829299,-0.329307,0.000000,0
0.590194,0.216526,-0.753028,1.000000,1
-1.168487,-0.352804,-0.489141,1.000000,1
-0.204947,-0.316502,-1.135673,1.000000,1
-0.775506,-1.066630,-0.669443,0.000000,0
1.315934,0.176432,0.605584,0.000000,0
0.618490,-1.900955,-0.295536,0.000000,0
-0.455146,1.050491,-0.414716,0.000000,1
1.384105,0.750028,1.021832,1.000000,1
0.421028,-0.222562,-0.454633,1.000000,1
0.296312,2.105777,1.058205,0.000000,1
-1.002192,1.980369,0.716173,1.000000,1
0.060304,0.142755,1.214244,1.000000,1
0.894590,1.085571,-1.382991,1.000000,1
0.180363,0.618266,0.353988,1.000000,1
0.904177,-1.084751,0.052186,0.000000,0
0.166467,0.037159,-0.193251,0.000000,0
-2.061111,1.107687,-0.229456,1.000000,1
-0.021590,-0.176132,0.255035,0.000000,0
-1.589242,0.159577,-0.512632,1.000000,1
-0.509550,1.294829,1.462210,0.000000,0
1.109427,-2.273310,-1.341224,1.000000,1
2.268490,-0.912493,-0.344777,1.000000,1
0.006080,1.239518,-0.609373,1.000000,1
-0.045029,0.256800,1.135831,1.000000,1
0.199926,0.501271,1.088773,0.000000,0
0.082214,-0.869694,1.892084,0.000000,0
0.069170,0.073641,-0.061901,1.000000,1
-0.610041,-1.412672,-0.253814,0.000000,1
-1.296977,-0.708823,-0.571609,0.000000,0
-1.173209,-0.157484,0.644646,0.000000,0
0.400660,-0.703433,0.255453,0.000000,0
1.055351,2.862354,0.894904,1.000000,1
1.122934,-1.348677,-1.349406,0.000000,0
-1.188117,0.555124,0.158974,0.000000,0
-0.848004,0.212257,-2.156960,0.000000,0
-1.089476,-1.972265,-1.590659,0.000000,0
-1.492688,-1.296208,0.385897,1.000000,0
0.259119,-1.082173,0.405273,1.000000,1
-1.653880,-0.152583,0.465899,0.000000,0
0.196370,-1.100308,0.803719,0.000000,0
-0.971364,-0.573358,-1.914686,1.000000,1
0.582193,-0.857786,1.044589,1.000000,1
1.263253,-1.770779,-0.053602,0.000000,0
-0.966464,1.325336,0.929306,1.000000,1
0.823854,-0.407970,-0.146340,1.000000,1
0.572319,2.240776,0.992544,1.000000,1
-0.641108,0.969599,-0.990631,1.000000,1
0.112553,0.039484,-0.967297,1.000000,1
0.346837,-0.307543,0.358191,0.000000,0
1.062980,-1.202171,-0.233814,0.000000,0
0.425163,-1.154078,0.991986,0.000000,0
0.138053,0.187458,1.609397,0.000000,0
-1.811324,-0.847463,-0.940758,0.000000,0
-0.838456,0.432250,1.791726,0.000000,0
-0.285620,-1.045440,-1.570717,1.000000,1
-0.155923,1.747710,1.288515,0.000000,0
-0.886030,2.035165,1.052503,0.000000,0
-1.437426,1.128657,0.640973,0.000000,0
-0.374598,-1.639696,0.942206,0.000000,0
0.392124,-0.438756,0.714457,1.000000,1
-0.181474,-0.059347,-0.191102,0.000000,0
0.214124,-0.865787,-0.754202,1.000000,1
1.221110,0.798827,-1.337220,1.000000,1
-0.914831,0.409264,1.469484,0.000000,0
0.364801,1.727351,-0.467338,1.000000,1
-2.115165,-0.145526,0.594839,0.000000,0
0.536206,0.619219,-0.032642,1.000000,1
1.527642,0.171042,0.828372,0.000000,0
-0.515212,-0.384707,1.286444,1.000000,1
0.616808,0.610189,0.749941,0.000000,0
-1.880889,1.040259,-0.607185,1.000000,1
0.541706,-0.720990,-0.679832,1.000000,1
1.559538,-0.721863,-0.759824,1.000000,1
-0.452184,-1.068821,0.348477,1.000000,1
0.882785,-0.357817,1.676454,1.000000,1
0.897724,0.907798,1.167645,0.000000,0
-0.017939,1.775719,0.127733,0.000000,0
1.884211,-0.145041,-0.400816,0.000000,1
0.531616,-0.170624,-0.457815,0.000000,0
0.024160,0.198415,0.190634,0.000000,0
-2.000631,-0.668314,0.557937,0.000000,0
-0.695196,-1.620015,3.005354,0.000000,0
-0.088111,0.929659,0.629484,1.000000,1
-0.667639,-1.368211,-1.520166,0.000000,0
-0.895300,-0.900217,-2.060062,0.000000,0
0.449277,1.098540,-1.228867,1.000000,1
1.287532,-0.112518,2.531892,0.000000,0
0.600774,-0.194641,-0.363133,1.000000,1
-1.529251,-0.837821,-0.052363,0.000000,0
-1.494060,0.431736,-0.238897,0.000000,0
1.166477,1.924307,0.024784,1.000000,1
0.057819,0.233990,1.133818,1.000000,1
-1.611260,1.068686,-2.458436,0.000000,0
-1.309544,-2.674956,-0.751601,0.000000,0
0.895574,0.640927,0.796399,0.000000,0
-0.191023,-1.086432,-0.186111,1.000000,0
1.152974,-0.952607,0.121262,0.000000,0
0.043100,0.298958,2.438142,0.000000,0
0.556128,0.701194,-0.548025,1.000000,1
0.721757,-1.075635,1.887285,0.000000,0
-0.366208,0.999821,-0.460690,1.000000,1
-1.001540,-1.412518,0.628617,1.000000,0
-0.006217,-1.187992,-1.168234,0.000000,0
-0.758144,0.259279,-0.610492,1.000000,1
-0.499359,0.041421,-0.787798,0.000000,0
-1.497996,0.555685,0.269684,0.000000,0
-1.099438,0.994071,-0.328121,1.000000,1
-0.607426,-0.901410,-0.888130,0.000000,0
0.039755,1.276256,-0.063681,1.000000,1
0.891779,0.252309,0.028899,0.000000,0
-0.173631,1.201897,2.209603,1.000000,0
-1.154162,-0.195432,0.480734,0.000000,0
-1.150547,0.249273,0.496377,0.000000,0
-0.172207,0.935741,-0.629174,1.000000,1
0.404235,-1.183365,-0.809551,1.000000,1
-1.733501,0.127879,-1.688589,1.000000,0
-0.088087,-0.110101,0.987742,0.000000,0
0.364757,0.796964,-1.025764,1.000000,1
-0.669185,-0.282076,-1.367623,0.000000,0
-0.525760,1.016687,0.407646,0.000000,0
0.214400,0.160806,0.749192,0.000000,0
-1.000007,-0.502144,-0.162012,0.000000,0
-0.177936,-0.422901,1.018932,0.000000,0
-0.031479,-2.591018,-0.572053,0.000000,0
0.692681,-0.447561,-0.653199,0.000000,0
0.024794,0.402128,0.140569,1.000000,1
0.241605,-1.027975,-1.672296,0.000000,0
-1.064279,3.419564,0.072402,1.000000,1
-0.594748,-0.399200,1.033674,0.000000,0
0.790223,-0.870564,-0.148199,0.000000,0
1.309462,-0.280681,0.401802,0.000000,0
1.125420,1.159278,-0.829327,1.000000,1
0.496260,-0.745596,-0.634783,1.000000,1
0.391002,-0.128913,-0.149793,1.000000,1
-1.359147,-0.752530,-0.596927,1.000000,1
-0.490147,2.470426,-0.179889,1.000000,1
0.977162,2.377881,0.844856,1.000000,1
-0.522925,-1.483133,1.844104,0.000000,0
1.127991,0.668783,0.080673,1.000000,1
-0.203299,-1.343871,0.120484,0.000000,0
-1.459361,0.458460,-1.764807,1.000000,1
1.503868,-1.024738,2.500807,0.000000,0
-0.618198,0.343525,-0.466758,0.000000,0
-0.277891,-1.031722,-1.321687,0.000000,0
-0.354944,0.580056,-0.243424,0.000000,0
-1.767045,0.041411,-1.449129,0.000000,0
-0.126953,-0.438752,-0.097444,1.000000,1
1.978086,-0.569896,0.684991,1.000000,1
0.669833,0.139325,-2.207151,0.000000,0
1.151218,-1.407577,1.089103,0.000000,0
-0.659763,-0.804051,0.517644,0.000000,0
0.061766,0.747125,-0.831084,1.000000,1
-0.430003,-0.171213,0.443154,0.000000,0
-0.743085,0.218374,-0.638937,1.000000,1
0.667521,-0.367453,0.717271,1.000000,0
-0.960382,0.692496,0.408647,0.000000,0
-0.091100,-0.465167,1.640044,0.000000,0
0.401671,0.044520,-0.865239,1.000000,1
-0.098568,-1.304370,-0.142582,0.000000,0
-0.228653,0.574272,-0.391531,0.000000,0
0.742017,-1.316493,-0.276643,0.000000,0
2.972751,-0.899643,1.776575,0.000000,0
-1.611927,0.023441,-0.816524,1.000000,1
-0.779433,0.885123,0.829933,0.000000,0
-0.526556,0.983388,1.986474,0.000000,0
-1.318266,1.067444,1.160039,0.000000,0
0.074839,0.338996,0.222387,0.000000,0
0.298275,-0.878380,0.385848,0.000000,0
0.412835,-0.302615,-1.329242,0.000000,0
1.701037,-0.502891,0.514838,0.000000,0
0.026771,-0.248220,0.574955,1.000000,1
2.257299,0.328907,0.036662,1.000000,1
0.073180,-1.249212,-0.258430,1.000000,1
1.046989,1.942213,-1.128661,1.000000,1
2.348094,0.242622,0.607737,1.000000,1
1.375629,0.831162,1.511973,0.000000,0
0.592787,0.394942,-0.148289,1.000000,1
0.187840,-1.256288,1.543315,0.000000,0
0.780144,-1.053247,1.112603,0.000000,0
0.558823,-0.083144,0.323151,0.000000,0
-0.460346,-1.576085,-1.438340,1.000000,1
0.606782,-1.044159,-1.595243,1.000000,1
0.882057,1.799536,1.433525,1.000000,1
-0.587025,0.795677,0.612834,0.000000,0
0.674024,0.799381,-1.071119,0.000000,0
-0.104596,-1.022865,0.764247,0.000000,0
-0.620518,-0.311303,-0.685112,0.000000,0
-0.327524,-0.547599,-0.251571,0.000000,0
0.525489,-0.620595,0.244448,1.000000,1
1.312588,-0.412784,-0.497589,1.000000,1
-0.231685,0.639146,0.922353,0.000000,0
-0.279971,0.836635,0.878010,0.000000,0
-0.437482,0.183617,0.121182,1.000000,1
-1.364985,0.685127,1.250870,1.000000,1
-0.819467,-1.606596,1.559607,0.000000,0
-0.905740,0.741462,-0.511240,0.000000,0
-0.117603,-1.590235,0.055776,0.000000,0
0.894314,2.661312,-0.129773,0.000000,1
-1.098610,0.500146,-0.098011,1.000000,1
0.480115,-1.320701,0.738966,0.000000,0
0.913882,-1.802671,-1.988796,1.000000,1
0.375326,0.164840,-1.114605,1.000000,1
-0.569671,-1.005670,0.475247,0.000000,0
-0.646900,-0.572544,-0.510666,1.000000,1
-1.020378,-2.816283,0.023442,0.000000,0
-1.801136,-0.704731,-0.162166,0.000000,0
-0.670711,0.264838,-1.881980,1.000000,1
3.105955,-2.523635,-1.196141,1.000000,1
0.135469,0.616588,-0.585414,1.000000,1
1.174028,-1.297555,-1.079354,1.000000,1
-0.545455,0.925021,1.461462,1.000000,1
0.759274,-1.703392,-0.376940,0.000000,0
-0.012255,0.489938,0.508185,1.000000,1
-0.044968,1.104141,2.487480,1.000000,1
-0.272728,1.542627,0.032025,1.000000,1
-0.714649,0.457523,-0.944217,0.000000,1
1.977512,-1.824771,-0.516787,0.000000,0
2.068047,-0.805739,0.249760,1.000000,1
0.758811,0.462975,-0.416486,1.000000,1
-0.483246,-1.089505,-0.447116,1.000000,1
0.174782,-1.172089,-0.383306,0.000000,0
0.075859,-0.578041,0.070586,0.000000,0
-0.593618,-1.710720,-0.932232,0.000000,0
0.970663,0.414803,-0.991494,1.000000,1
2.430231,1.458141,-0.938585,1.000000,1
0.423129,-0.076038,1.053817,0.000000,0
-0.128021,-0.085171,-0.385558,1.000000,1
-0.046401,-1.059863,0.220389,0.000000,0
-1.567463,0.323796,-0.533135,0.000000,0
-2.158520,-1.304935,0.632967,0.000000,0
-1.242023,-0.312755,1.720781,0.000000,0
1.362677,-1.255741,-1.693664,0.000000,0
-0.299560,-0.647871,-0.811344,0.000000,0
-0.483395,0.388510,-0.374277,0.000000,1
-0.001457,0.144568,-1.302001,1.000000,1
-0.710994,-0.053612,-1.252624,0.000000,0
-0.133026,-1.179851,1.556098,0.000000,0
-1.616374,0.148046,1.947206,0.000000,0
-1.614995,0.095787,-0.740828,0.000000,0
0.854210,0.342601,1.335344,1.000000,1
0.596065,-1.188327,-2.000906,1.000000,1
1.311896,2.168794,0.076121,0.000000,0
-1.008363,0.120221,0.497903,0.000000,0
-0.874469,-0.928404,1.342790,0.000000,0
-0.615894,0.254160,2.087567,1.000000,0
0.777933,-0.914641,2.600786,0.000000,0
0.003468,-0.731698,-0.562321,1.000000,1
-1.426928,-0.689424,0.432659,0.000000,0
1.804023,0.372046,-0.729605,1.000000,1
-1.007103,-0.557428,0.475683,0.000000,0
-0.956940,0.600582,0.718137,0.000000,0
0.654347,-2.062825,-0.256675,0.000000,0
1.369571,-0.563256,-1.034348,0.000000,0
-2.293736,-0.085749,-0.447544,0.000000,0
-1.938718,-1.250399,0.486085,0.000000,0
-1.174906,-1.476791,0.781663,0.000000,0
-0.594805,-0.239306,0.592249,0.000000,0
-0.638569,1.334699,-0.175446,0.000000,0
0.474876,0.517694,0.714618,1.000000,1
-0.450968,0.687062,0.331513,1.000000,1
-0.418715,-2.102494,-0.373495,0.000000,0
0.150261,-1.125549,0.689028,0.000000,0
-0.727244,0.240893,0.246023,1.000000,1
0.753247,0.751674,0.651928,0.000000,0
-0.383179,-1.936207,-0.538936,1.000000,0
-0.408013,0.522321,-0.700565,0.000000,0
-1.953076,1.379607,0.165945,0.000000,0
-0.864778,-0.094238,0.494821,1.000000,1
0.245455,-0.398686,-0.839918,1.000000,1
-0.872527,0.286762,0.140155,0.000000,0
0.656343,0.091993,2.756070,0.000000,0
0.683696,-0.245533,-0.433378,0.000000,0
-0.601941,0.720207,-2.039420,0.000000,0
0.060519,-0.123025,0.294554,0.000000,0
-0.752984,-0.693774,-0.625459,0.000000,0
0.295576,0.673739,-2.417439,1.000000,1
0.392355,1.656579,-2.080908,1.000000,1
-1.766739,-0.055824,-0.640179,0.000000,0
0.740843,0.356644,-0.079255,1.000000,1
0.691680,-0.199217,1.580238,0.000000,0
-0.425757,-0.306274,-1.535137,0.000000,0
0.782499,0.077470,-0.540980,1.000000,1
-0.285456,-1.426570,0.175122,1.000000,1
-0.254647,0.523579,-1.284393,1.000000,1
-1.827003,0.314539,-0.107743,0.000000,0
-0.607906,0.666581,1.265982,1.000000,1
-1.017116,-0.865267,-0.048544,1.000000,1
0.423694,-0.852078,-2.943158,0.000000,0
0.523570,-0.050776,0.326985,0.000000,0
-2.080678,-0.737631,-0.851308,0.000000,0
0.006093,0.655656,0.495255,0.000000,0
-0.026134,-1.783450,0.394582,0.000000,0
0.868536,1.551305,-1.029044,0.000000,1
-0.784106,1.418203,-1.584349,0.000000,0
-0.666360,-1.927875,-0.250511,0.000000,0
0.786663,0.480451,0.483579,1.000000,1
1.215205,-2.314248,-1.893769,0.000000,0
-0.630232,0.372188,-0.310007,1.000000,1
0.640807,0.360267,-0.924363,1.000000,1
-0.354405,0.435204,-0.590651,1.000000,1
-1.137049,-0.556544,0.400579,0.000000,0
-0.773159,-1.275087,-1.098673,0.000000,0
0.442648,-0.470129,0.743802,0.000000,0
0.408566,0.472896,0.428068,1.000000,1
0.419965,0.757908,0.767193,1.000000,1
-0.438392,-1.523295,1.772797,0.000000,0
-0.573724,0.786051,0.327903,1.000000,1
1.380015,-1.687182,0.399662,0.000000,0
0.646053,0.516311,1.598357,0.000000,0
-0.072149,-0.028169,-1.243063,0.000000,0
0.242284,-0.153118,1.070028,0.000000,0
1.845067,-0.723239,-1.248013,0.000000,0
0.286810,0.526972,-1.211935,1.000000,1
-0.587411,0.708317,1.272534,0.000000,0
0.091856,-0.563735,2.039377,0.000000,0
-0.432107,-0.397647,0.114184,1.000000,1
-1.956189,-0.773661,-2.102016,0.000000,0
-0.245467,0.095955,0.520627,1.000000,1
0.787543,-0.330202,-1.809781,1.000000,1
-0.084913,-0.232665,0.130129,1.000000,1
-1.379518,2.199299,-1.191963,1.000000,1
-0.160409,-1.015459,-0.204475,1.000000,1
-0.844478,1.896583,-0.316646,1.000000,1
-0.191216,0.214128,-0.482930,0.000000,0
-1.147518,0.130858,0.760334,1.000000,1
-0.388629,-0.637543,-1.132389,0.000000,0
-1.914966,-1.437741,-1.906351,1.000000,1
0.917103,-0.924802,0.536224,1.000000,1
0.243842,1.135851,-0.459355,1.000000,1
0.051767,-1.141325,0.073017,0.000000,0
-1.141817,-0.880267,0.080498,0.000000,0
-0.996694,-0.067079,0.512099,0.000000,0
-0.225835,-1.093740,-1.066516,0.000000,0
-0.221815,-0.228343,0.612187,0.000000,0
1.083911,-0.413756,0.820078,1.000000,1
0.562816,-0.200118,-2.306414,1.000000,1
1.164180,0.192013,0.419319,1.000000,1
1.015936,1.300421,-0.299933,1.000000,1
1.930744,0.004398,-0.936260,0.000000,0
1.393961,0.174415,-0.588847,0.000000,0
-0.796085,0.820357,1.306820,0.000000,1
1.941803,0.991265,-0.277966,1.000000,1
1.372088,0.207279,1.805319,0.000000,0
-0.255173,-0.065099,0.634295,0.000000,0
-0.620935,-0.241377,0.241546,0.000000,0
-0.072482,0.189343,-0.255679,1.000000,1
1.079620,-1.251489,-1.425862,1.000000,1
2.091229,-2.341178,1.609011,0.000000,0
-0.074882,1.165789,-0.748176,1.000000,1
-1.314188,0.310368,0.376052,0.000000,0
-0.289725,-1.090522,-0.455038,0.000000,0
-0.056754,0.028940,0.229975,0.000000,0
-0.162515,-0.892217,0.267383,1.000000,1
0.913927,-0.210301,0.926968,1.000000,1
1.728593,1.696654,-0.759057,1.000000,1
0.289674,1.469185,-1.659631,1.000000,1
1.459731,1.282871,-0.911945,1.000000,1
0.025730,-0.959700,-0.655363,0.000000,0
1.044327,-1.029154,1.136164,0.000000,0
1.657895,-1.747199,0.335604,1.000000,1
0.772350,-1.660392,-0.209886,0.000000,0
-1.013858,-1.561509,-0.883783,0.000000,0
0.451503,1.951044,-0.440089,0.000000,0
0.253500,-0.609700,0.938918,0.000000,0
0.314324,2.011289,-0.778440,1.000000,1
-0.208689,-0.834050,-0.476447,0.000000,0
0.500076,0.190034,-0.892088,1.000000,1
-0.444606,0.239352,-0.086823,1.000000,1
1.864579,-0.170550,0.221602,1.000000,1
0.811560,-0.011128,2.016208,1.000000,1
0.305809,-0.869725,-1.469624,1.000000,1
0.523284,0.805164,0.241890,1.000000,1
0.330051,-1.102018,1.163957,0.000000,0
0.057412,-1.048475,0.329269,0.000000,0
-0.558676,1.315936,1.663770,0.000000,0
-0.854684,0.010544,-1.637983,0.000000,0
-0.644471,-0.763123,-0.308513,0.000000,0
-0.689161,-0.777172,-0.271309,0.000000,0
0.025279,-1.624418,-0.018575,0.000000,0
-0.722069,-0.692807,0.713835,0.000000,0
-1.111364,-0.410148,1.914224,0.000000,0
-0.331910,0.455604,-0.851242,1.000000,1
-0.247309,0.746638,1.137644,0.000000,0
0.840844,0.436453,-0.577254,0.000000,0
1.341510,2.232037,0.520912,1.000000,1
2.945214,0.577792,-0.337376,1.000000,1
0.845635,1.569077,1.052610,1.000000,1
-0.402204,-0.198254,0.778394,1.000000,1
-1.364806,-0.237867,1.127211,0.000000,0
0.290313,0.142288,-1.596863,1.000000,1
0.171866,-0.254552,1.821525,1.000000,0
0.911826,-0.033128,0.381513,0.000000,0
-0.198884,-0.663792,-1.306789,1.000000,1
0.019600,-0.080199,0.440951,0.000000,0
-0.381698,1.575803,2.162255,0.000000,0
-1.866013,-0.391922,-1.855903,0.000000,0
1.001531,-0.879054,-1.376476,0.000000,0
2.782728,-0.521610,0.777920,0.000000,0
0.250542,0.337387,-0.534806,0.000000,0
0.119136,-0.782414,-0.770962,1.000000,1
0.043816,-0.610970,0.851704,0.000000,0
0.091085,0.132368,-2.285661,1.000000,1
2.119162,1.493399,-0.768027,0.000000,1
0.769647,-0.055507,-0.376279,0.000000,1
1.077622,-0.470404,-1.566791,0.000000,0
0.639814,1.044882,-0.357898,1.000000,1
2.024501,0.711485,0.503076,1.000000,1
-2.305627,-0.386370,1.559520,0.000000,0
0.695586,0.121718,-0.010680,0.000000,0
0.495479,2.341722,0.292554,1.000000,1
-0.060048,-0.233080,-1.400191,1.000000,1
-0.106157,0.356705,0.475365,0.000000,0
0.586864,1.230389,-0.178648,1.000000,1
-0.907593,0.863402,0.136531,0.000000,0
0.309213,-0.649562,-1.020234,1.000000,1
0.623279,0.544656,0.470833,1.000000,1
0.350986,-1.029168,0.603700,1.000000,1
0.094717,0.802507,1.062284,0.000000,0
-1.497489,0.011055,-1.214381,1.000000,0
0.566533,-0.255207,0.210592,0.000000,0
-0.180102,-0.489920,-0.421944,0.000000,0
1.078467,0.205709,0.923818,1.000000,1
0.134532,0.784909,-0.704755,1.000000,1
-1.003247,-0.238611,-0.067671,0.000000,0
0.017569,2.482964,-0.440991,1.000000,1
0.025550,-0.625477,-0.445659,1.000000,1
-1.245236,0.252052,0.511370,1.000000,1
-0.576934,0.183851,-0.995208,0.000000,0
-2.594562,0.992246,0.429938,0.000000,0
0.900738,-0.065443,0.778455,1.000000,1
-2.433394,-1.787669,0.216561,0.000000,0
-1.357462,0.177183,-1.221643,0.000000,0
0.399405,0.506102,0.887572,0.000000,0
-1.350946,0.595946,-0.137701,0.000000,0
0.064085,-0.376049,0.224979,1.000000,0
1.515921,-0.421279,-0.351041,1.000000,1
1.062820,-1.910814,0.499132,1.000000,1
1.392442,-0.176132,-0.820702,1.000000,1
0.581958,-0.292181,-0.336537,1.000000,1
1.143310,-0.586891,2.776253,0.000000,0
-0.716394,-2.795834,-1.027912,0.000000,0
0.775850,1.279111,-2.836000,1.000000,1
-0.302718,-2.412527,0.355329,0.000000,0
-0.996922,1.684898,-0.223532,1.000000,1
1.341856,0.139367,0.918695,1.000000,1
-0.955992,0.337411,-1.006747,0.000000,0
0.372575,1.580689,0.816191,1.000000,1
-0.828008,0.171033,0.042597,0.000000,0
-0.225103,0.595241,-1.098742,1.000000,1
-0.037565,-0.815520,-0.940680,1.000000,1
-1.124036,0.109714,-1.677385,1.000000,1
0.734147,-1.171936,-0.029458,0.000000,0
-0.326821,0.031573,-0.417527,1.000000,1
-0.845394,0.144528,1.912064,0.000000,0
0.324295,-1.322855,-1.480590,1.000000,1
-0.203676,-0.769266,0.416735,0.000000,0
0.410419,0.098062,-2.058581,1.000000,1
-0.339971,0.438328,-1.059558,0.000000,0
-0.240598,0.225133,0.476421,0.000000,0
-0.462297,0.046807,0.630932,0.000000,0
0.601586,-1.010978,-0.462543,0.000000,0
0.563994,-0.366173,-2.252028,1.000000,1
1.974618,0.944663,-1.370029,1.000000,1
-0.048150,0.401653,1.021052,1.000000,1
2.249036,-1.587304,-2.371007,1.000000,1
0.154297,-0.150078,0.098117,1.000000,1
1.117294,-2.154041,1.656684,1.000000,1
1.340507,-0.423942,1.325781,1.000000,1
-0.721822,-1.069405,0.128258,0.000000,0
-1.077192,-1.143744,2.108945,0.000000,0
-0.637261,1.209234,-1.216420,1.000000,1
0.509142,-1.166638,-0.094018,0.000000,0
0.342898,-0.181611,-0.322316,0.000000,0
0.003078,-0.282548,0.544019,1.000000,1
-0.645049,-0.242268,0.113398,0.000000,0
0.522702,0.259923,-0.563921,1.000000,1
0.564364,-0.058197,-0.100978,0.000000,0
0.659454,0.492958,-0.136586,1.000000,1
-2.001722,-0.907403,-0.827188,1.000000,1
-1.447944,0.550071,0.580536,0.000000,0
-0.618761,-0.255522,-0.666745,0.000000,0
-0.773680,0.810567,0.530014,0.000000,0
-1.544049,-1.210108,0.589081,0.000000,0
1.028280,0.110748,0.783201,1.000000,1
1.000031,-1.258371,-1.306899,0.000000,0
-1.719821,0.449936,-0.843797,0.000000,0
0.223312,0.373038,1.305319,0.000000,0
0.833156,-1.096312,0.168760,0.000000,0
0.450291,-1.228711,-0.551158,1.000000,1
-0.297042,-0.805247,-0.215353,1.000000,1
-0.354479,0.420181,-0.345479,0.000000,0
0.151204,0.941822,-1.975809,1.000000,1
-0.695460,-2.486412,1.819199,0.000000,0
0.790440,0.554017,-0.953035,1.000000,1
1.057530,-0.864370,-0.149050,0.000000,0
-0.587442,-0.632953,-0.256359,0.000000,0
0.939985,0.586109,1.878061,0.000000,0
-1.506002,-0.461671,-0.547148,1.000000,1
-0.941182,-1.683260,1.022877,0.000000,0
0.645597,1.047143,-0.494015,1.000000,1
-0.779065,-1.190386,1.207412,0.000000,0
0.172232,-0.117481,-0.361423,0.000000,0
-1.383477,-1.115647,-0.347373,0.000000,0
0.585395,-0.299661,-0.975714,1.000000,1
0.482145,0.076065,1.401903,1.000000,1
0.777853,1.220783,1.046161,1.000000,1
1.121965,0.016533,0.185446,1.000000,1
-0.558632,-0.894824,-0.214831,1.000000,1
-0.425363,-0.985929,-0.234346,0.000000,0
-1.726911,-1.318753,-0.646524,0.000000,0
1.196843,-0.689143,1.548365,1.000000,1
-0.703675,-2.013538,-2.237267,0.000000,0
-0.725064,-1.127049,1.029452,0.000000,0
-0.555642,0.233367,-2.247717,1.000000,1
0.372394,-0.107032,-1.051885,1.000000,1
-1.447334,-1.701005,1.049176,1.000000,1
-0.198169,0.229373,-0.966537,0.000000,0
-0.237824,0.294003,1.192619,0.000000,0
-0.148318,-1.004044,0.528747,0.000000,0
-0.519226,1.391205,-0.515134,0.000000,0
-0.366776,-2.196964,-0.589722,0.000000,0
-0.579101,0.612290,-0.789244,1.000000,1
-0.613656,1.221214,0.829992,0.000000,0
0.152958,-0.804117,-0.050716,1.000000,1
1.250095,-2.023741,-0.137932,1.000000,1
-0.335832,-0.616570,0.122350,1.000000,0
-1.053701,-1.421783,-0.198082,0.000000,0
-1.357020,0.894039,-0.141340,0.000000,0
2.075343,1.292613,0.641812,1.000000,1
-0.778047,-0.367005,0.156186,0.000000,0
-2.382171,-0.870823,1.847423,0.000000,0
-1.222251,-0.097032,-0.675160,0.000000,0
0.137532,-0.702812,0.031808,0.000000,0
-1.359654,0.814630,0.978522,0.000000,0
-0.934573,1.561295,0.191598,1.000000,1
0.454338,0.499498,1.616996,0.000000,0
1.675972,0.951805,-0.250782,1.000000,1
-0.886704,0.658010,-0.157571,1.000000,1
-1.588059,0.425067,0.325707,0.000000,0
1.154560,-1.429721,-0.414217,0.000000,0
1.226912,2.135569,1.029418,0.000000,1
-0.173776,0.782997,-0.801385,1.000000,1
0.035706,0.857569,0.961825,1.000000,1
0.841917,-0.139409,0.433954,0.000000,0
0.401216,1.889358,-0.274787,1.000000,1
-0.194050,1.516881,0.852385,1.000000,1
0.739317,-0.065815,0.819220,1.000000,1
-0.811324,-0.948251,0.698237,0.000000,0
-0.014648,1.489548,0.192350,1.000000,1
-0.641626,0.162743,-0.523370,0.000000,0
1.997303,1.667406,0.616610,1.000000,1
0.726530,-0.072317,0.770607,1.000000,1
-0.410579,-1.698326,0.012197,0.000000,0
0.758360,-1.223352,-0.277897,1.000000,1
0.097813,1.238399,0.192314,0.000000,0
-0.421641,1.009154,-0.184874,1.000000,1
0.384082,0.881667,-0.823537,1.000000,1
-0.770834,0.024491,-0.171619,1.000000,1
0.979352,-0.327425,-1.995388,0.000000,1
0.316257,-0.225505,0.091124,0.000000,0
-1.083933,-0.739213,-1.729133,0.000000,0
-0.007715,-1.072839,-0.101509,0.000000,0
1.861712,-0.256293,-1.321621,0.000000,1
-0.760240,0.089318,0.385296,1.000000,1
-0.693620,-0.732758,-0.517056,1.000000,1
0.584404,-0.280358,1.744720,0.000000,0
1.091345,-0.437694,0.398375,1.000000,1
0.814168,-0.757817,0.023471,1.000000,1
0.719260,0.584787,-1.155619,0.000000,0
1.715542,0.696768,-0.420433,1.000000,1
-0.902170,-0.684769,0.599512,0.000000,1
0.513114,1.771008,-0.104552,1.000000,1
0.395000,0.829070,-0.917210,1.000000,1
-0.529597,-0.724922,1.609464,0.000000,0
0.708865,-0.379144,-0.537044,0.000000,0
-2.314704,2.052123,1.143772,0.000000,0
1.427288,0.676575,-0.377518,1.000000,1
-0.348759,-0.032578,-0.516848,1.000000,1
0.252414,0.135371,0.157950,0.000000,0
-0.711038,0.969281,-0.664519,0.000000,0
1.202028,-0.335047,-0.787477,1.000000,1
1.057844,0.563149,0.386383,1.000000,1
0.203548,0.778028,-0.127039,1.000000,1
1.685950,-0.286559,2.164016,0.000000,0
-0.054752,1.726986,-1.034920,1.000000,1
0.744478,-0.800575,-1.113827,0.000000,0
-1.488427,0.052756,0.094296,0.000000,0
-0.042260,1.555351,1.559147,1.000000,1
-0.907948,-0.383558,0.962194,0.000000,0
-1.200216,1.274829,-0.920451,1.000000,1
0.163398,0.792308,-2.050648,1.000000,1
-2.846328,-1.340594,1.735369,0.000000,0
1.041947,-0.700738,-0.625418,1.000000,1
-1.027178,-0.995890,-1.438359,0.000000,0
1.289406,0.409280,0.432590,0.000000,0
-0.167284,1.530454,-1.511503,1.000000,1
0.659481,0.432050,0.119743,1.000000,1
0.274245,-0.714501,-1.731060,1.000000,1
-0.434921,0.064614,-2.832650,1.000000,1
-1.638313,0.389541,1.101521,0.000000,0
0.805631,-1.893517,-0.150646,1.000000,1
-0.991925,1.947339,0.112731,1.000000,1
-1.453282,0.884723,1.199505,0.000000,0
-0.142704,-0.195535,-0.671940,1.000000,1
0.726857,-1.400353,-1.108681,0.000000,0
-0.392439,-0.509587,0.191712,1.000000,1
0.716703,0.069821,-1.310419,1.000000,1
-0.479248,-0.497381,-0.345209,0.000000,0
0.891709,-0.819058,1.445003,0.000000,0
0.045858,1.435424,1.929226,1.000000,1
-0.056487,0.697751,-0.813021,1.000000,1
0.100241,0.330362,-0.853195,1.000000,1
1.016902,0.645887,1.386802,0.000000,0
0.750230,-0.647681,-0.021492,0.000000,0
0.263049,1.408835,1.004269,1.000000,1
1.606203,-0.328114,1.646378,0.000000,0
-0.701561,0.751248,-0.748076,1.000000,1
0.925471,-0.538004,-1.000139,1.000000,1
0.806249,-0.116000,0.149454,1.000000,1
-0.215838,-1.220554,-1.149519,0.000000,0
1.057969,-0.649859,-0.312529,1.000000,1
-0.769522,1.989157,0.409569,1.000000,1
0.119548,0.035161,-1.159979,1.000000,1
1.106038,-0.362741,0.824796,0.000000,0
0.839651,1.843641,0.331306,1.000000,1
-0.964253,-0.352292,-1.400565,0.000000,0
2.238248,2.397447,1.092414,1.000000,1
-1.079321,1.655999,-0.025504,1.000000,1
-1.244591,0.638950,0.457392,0.000000,0
0.069685,0.890407,-0.158453,1.000000,1
0.767033,2.420483,0.402480,1.000000,1
-0.698685,-0.248438,-1.155116,0.000000,1
1.228597,-0.595011,-0.188595,1.000000,1
-0.163882,-1.113748,0.629500,0.000000,0
-0.129774,0.350401,0.819804,1.000000,1
-0.538053,0.930620,1.846145,1.000000,1
-0.378393,-0.463112,0.205338,0.000000,0
0.524197,0.081359,0.523613,0.000000,0
-0.137436,-0.010137,1.045562,1.000000,0
-2.239159,-0.024042,2.004484,0.000000,0
0.966452,0.357578,-1.807532,1.000000,1
-0.152369,0.464329,-1.680856,1.000000,1
-1.322229,-0.971574,-0.164879,1.000000,1
0.340695,-1.334542,2.357288,0.000000,0
-1.317016,-0.484611,-0.521203,0.000000,0
-0.706692,0.426445,-0.873365,0.000000,1
-1.188794,0.403947,-0.691941,1.000000,0
-0.517402,0.906436,-1.590941,1.000000,1
0.584440,0.019808,-1.387639,1.000000,1
-0.704840,0.138938,1.106957,0.000000,0
0.611802,1.760369,0.228576,0.000000,0
0.093082,2.123121,-2.768529,1.000000,1
1.587097,-0.711855,-0.574058,1.000000,1
-0.812986,-0.581541,-1.116205,0.000000,0
0.985733,1.004640,0.420168,1.000000,1
-0.991036,1.359185,1.383540,1.000000,0
-0.826204,0.657509,1.133999,0.000000,0
-1.155193,0.978317,-0.517604,1.000000,1
0.282725,-0.853774,-1.477789,1.000000,1
-0.364154,-0.751030,-1.854890,0.000000,0
-0.641363,0.353640,0.062063,0.000000,0
-1.158142,0.088663,-0.253235,0.000000,0
-0.306890,0.550667,-1.182060,1.000000,1
0.891214,-1.879223,0.243012,0.000000,0
0.109281,0.141899,-0.409672,0.000000,0
0.226170,1.597133,0.331425,1.000000,1
1.810502,0.516586,0.664000,1.000000,1
1.868687,-1.442593,0.202779,1.000000,1
-1.210806,-0.831773,0.997270,0.000000,0
0.970433,0.013811,0.456036,1.000000,1
-1.290581,0.642182,1.885679,1.000000,0
-0.343710,-0.481556,-0.427489,0.000000,0
-0.607917,0.055181,1.680184,0.000000,0
-0.098113,-1.262346,0.655657,1.000000,1
-0.988675,-1.070927,-0.026895,0.000000,0
-0.008311,-0.069442,0.446100,0.000000,0
-2.554890,-2.179948,1.452729,0.000000,0
-1.753970,0.365195,-1.194401,0.000000,0
-0.604695,-0.395304,-1.087489,0.000000,0
-1.394113,0.782602,-1.309637,1.000000,1
-0.955559,0.161197,0.621160,0.000000,0
0.472589,-1.696621,-1.635024,0.000000,0
-0.557316,-0.554506,0.171337,0.000000,0
0.184868,1.055353,0.506219,0.000000,0
0.611467,-1.372267,-0.682342,0.000000,0
2.035452,-0.901101,0.258882,1.000000,1
1.250212,0.475419,0.312018,1.000000,1
-0.061792,0.187614,-0.108746,1.000000,1
1.513354,0.599119,1.821349,0.000000,0
-1.472903,-1.032653,-1.311350,1.000000,1
0.135282,0.789865,-0.144463,1.000000,1
-2.359817,-0.694148,0.850008,0.000000,0
0.457554,1.472168,-0.925000,1.000000,1
-0.628557,0.317727,-1.275819,1.000000,1
1.155882,-0.611129,0.458253,1.000000,1
-1.123818,0.826960,0.296025,1.000000,1
-0.754501,0.492742,0.814933,0.000000,0
0.053049,1.154602,0.242339,0.000000,0
-0.567120,-0.407744,-1.153072,0.000000,0
-0.036858,0.434932,-0.673287,0.000000,0
-1.468322,1.486543,-0.223835,0.000000,0
-0.153184,0.400330,0.359375,0.000000,0
0.455580,1.478082,0.347947,1.000000,1
0.269450,-3.055078,-1.218847,0.000000,0
0.446864,-0.699845,0.088154,0.000000,0
0.014949,2.217063,-0.228096,1.000000,1
0.185401,-0.046639,-0.926530,1.000000,1
1.157526,-0.057110,-2.587476,1.000000,1
0.046152,1.197275,-2.028506,1.000000,1
-0.866896,-1.245942,0.682230,0.000000,0
-0.497529,0.034498,-0.031370,1.000000,0
-0.890732,-1.028007,1.005868,0.000000,0
0.358037,0.340885,-0.563607,1.000000,1
0.196578,0.099737,-1.132704,0.000000,1
-0.386010,0.398321,-0.340827,1.000000,1
-0.881877,-1.608739,0.688634,1.000000,1
-1.806341,0.196612,-1.595310,0.000000,0
0.333310,1.831625,-0.714486,1.000000,1
-0.808387,-0.622128,0.908607,0.000000,0
0.252153,1.111822,1.696328,0.000000,0
-0.351117,-2.056461,0.867596,0.000000,0
-0.857528,-0.858047,-1.057195,0.000000,0
1.419286,1.212049,0.307373,1.000000,1
1.501352,-1.066846,-1.394959,1.000000,1
1.107649,0.201725,-1.713224,1.000000,1
-0.026103,0.117953,0.576846,1.000000,1
1.270833,0.148011,-0.015571,1.000000,1
-0.497570,-2.285507,-0.394149,0.000000,0
0.076854,-0.752775,0.571240,0.000000,0
-0.376317,-0.108648,0.365187,0.000000,0
-0.216197,-0.662661,0.145206,0.000000,0
-1.414496,0.422615,0.606999,0.000000,0
0.798323,0.292533,-0.334918,1.000000,0
-0.685738,0.973666,-0.120551,1.000000,1
-1.185010,-1.055169,0.341292,0.000000,0
0.057616,-0.674482,0.645845,1.000000,1
0.005890,0.559596,0.254254,0.000000,0
-1.436051,-0.843575,-0.302227,0.000000,0
-1.433819,-0.838000,0.317751,0.000000,0
-0.023777,-0.158573,1.109470,0.000000,0
0.799283,0.915919,0.861470,1.000000,1
0.789004,2.170382,-1.670837,0.000000,1
1.100519,-0.618665,1.306250,1.000000,1
-0.244683,-1.316076,3.125835,0.000000,0
0.114387,0.434098,1.050546,0.000000,0
0.232945,0.628941,-1.889233,1.000000,1
1.161579,-0.250694,-1.099078,1.000000,1
-0.054111,0.021609,-0.201811,1.000000,1
0.572144,1.607549,-0.926982,1.000000,1
0.576053,-0.118387,0.475258,0.000000,0
-0.099493,0.661815,0.556294,0.000000,0
-0.705677,-1.612385,0.075779,0.000000,0
-0.035084,0.382022,-1.003878,0.000000,0
-0.973004,-0.201283,-0.810758,1.000000,0
-0.986277,0.048650,1.035657,0.000000,0
0.444550,0.814772,1.201270,1.000000,1
-0.125005,0.466546,0.388134,1.000000,1
-0.852603,-0.223596,0.102119,0.000000,0
-3.325335,-0.129721,0.587650,0.000000,0
-1.166874,1.023497,-2.660538,1.000000,1
0.869189,0.327239,-0.926934,0.000000,0
1.360140,0.058704,-0.011748,1.000000,1
0.990514,1.137392,0.731562,1.000000,1
1.262660,-0.450841,-0.256156,0.000000,0
-1.596777,1.568484,-0.742169,0.000000,0
-0.144916,0.088582,-1.023115,1.000000,1
0.211434,-1.710245,0.721918,1.000000,1
0.135446,-0.278110,0.430559,1.000000,1
0.072010,0.224740,-0.584242,0.000000,0
1.690840,0.752059,-0.832112,1.000000,1
-0.484090,0.036391,0.391727,0.000000,0
0.929033,-0.771098,-0.917012,0.000000,0
0.679329,-0.712764,0.438126,0.000000,0
0.068046,-0.590182,1.058968,1.000000,1
0.328507,-0.877460,-0.328032,1.000000,1
-1.084176,-0.883377,-1.423890,0.000000,0
-0.375004,-0.649342,0.706338,0.000000,0
-1.927615,0.468695,1.377138,0.000000,0
0.026329,0.717865,0.729294,1.000000,1
-1.087851,-1.801711,1.629540,0.000000,0
-0.066403,-0.144659,-0.486942,1.000000,1
0.973914,0.806810,-1.000140,1.000000,1
-0.627646,-0.080146,-0.986005,0.000000,0
0.989445,0.926926,0.582177,0.000000,0
0.464531,-1.816460,-0.076621,0.000000,0
-0.909842,-2.260686,0.646042,0.000000,0
-0.716919,-1.143945,-1.143958,1.000000,0
-1.520316,0.018192,-0.341014,1.000000,1
1.576523,0.725604,1.033584,1.000000,1
-0.457651,0.919254,-0.791745,0.000000,0
-1.116993,0.939859,-0.666102,0.000000,0
1.373639,0.564178,0.693817,0.000000,0
0.917534,-1.727534,-1.776245,1.000000,1
-0.038992,0.538692,0.476013,1.000000,1
0.328909,-1.255596,-2.483765,1.000000,1
-1.451630,1.005682,-0.131381,1.000000,1
2.708216,-1.105648,1.834297,0.000000,0
-0.100540,0.690334,-0.364770,1.000000,1
-1.263413,-2.074249,-0.602364,0.000000,0
0.825349,0.697243,-0.120908,0.000000,0
0.308057,0.760426,-0.526282,1.000000,1
1.448800,0.644488,2.598627,1.000000,1
1.238567,-1.074685,-1.033532,1.000000,1
-0.340551,0.461225,0.496603,1.000000,1
-0.613826,-0.598127,0.447727,0.000000,0
0.920989,-0.910615,-0.345701,1.000000,0
0.218668,-0.502430,0.677505,0.000000,0
-0.357117,-0.345178,-0.482000,1.000000,1
0.455702,0.213007,-0.069647,1.000000,1
0.543834,0.639629,0.129140,0.000000,1
0.563520,0.259739,0.295095,0.000000,0
-0.495367,-0.248988,-1.071457,1.000000,1
0.782666,-0.296938,-0.260521,1.000000,1
0.668361,-0.922450,-0.540778,0.000000,0
1.996146,-0.671808,-1.703563,1.000000,1
-1.418902,0.503076,2.724647,1.000000,1
1.460817,-0.231331,-0.004215,1.000000,1
0.160028,-2.340399,-0.037997,1.000000,1
-0.731054,-0.862701,-0.912831,1.000000,1
0.402970,-0.452256,-0.617667,1.000000,1
1.640481,-0.575941,0.864734,1.000000,1
-0.860712,-0.358382,1.129476,0.000000,0
-0.606324,-0.550269,-0.294121,0.000000,0
0.445846,-0.152199,0.383577,0.000000,0
-0.707736,1.105993,-0.550573,1.000000,1
-1.767279,2.833381,2.985042,0.000000,0
0.680375,-0.665294,-0.531190,1.000000,1
1.156465,0.517139,-0.308276,1.000000,1
-1.751518,0.527026,0.542278,0.000000,0
-0.011395,-1.493203,0.845433,0.000000,0
-0.281813,-0.076182,-0.980004,0.000000,0
-1.565315,-0.747898,0.736410,0.000000,0
-0.191903,-0.050819,0.509981,0.000000,0
1.290709,0.845467,-0.305211,1.000000,1
-1.732508,-0.542984,-0.786020,0.000000,0
2.642363,0.214664,-1.165230,1.000000,1
0.748206,-0.927895,0.642201,0.000000,0
0.883621,1.926086,-0.027968,0.000000,1
0.710635,0.237309,0.444091,1.000000,1
-0.097631,-0.444675,-0.536466,1.000000,0
-1.388114,-0.865560,1.185580,0.000000,0
0.231022,-0.434741,-0.525499,0.000000,0
-1.083891,-1.185178,-0.436440,0.000000,0
-1.184290,-0.287431,-0.743281,1.000000,1
0.755136,-0.601807,-0.960940,1.000000,1
1.126918,-1.160169,-0.822356,1.000000,1
-0.010617,-1.138352,-0.050881,0.000000,0
0.285709,-0.667847,0.814763,1.000000,1
2.766091,-0.780074,-1.076844,1.000000,1
1.054499,-1.711318,0.444974,0.000000,0
-0.044834,1.414237,-0.090880,1.000000,1
-0.200118,-0.046690,-0.701263,1.000000,1
-0.804122,1.691819,0.258190,1.000000,1
0.220176,1.105274,0.318356,1.000000,1
-0.968294,-1.755482,0.707179,0.000000,0
-1.706966,0.062742,0.115513,0.000000,1
0.571619,0.386770,-0.370744,1.000000,1
-1.029344,1.585733,0.511475,1.000000,1
0.238471,1.560830,0.839661,1.000000,1
-1.033281,0.816441,-0.154346,0.000000,0
0.147152,-1.108666,0.180755,0.000000,0
-0.817193,0.767276,-0.919460,0.000000,0
-1.353799,-0.413793,0.307937,0.000000,0
0.906209,-0.257625,-0.043814,1.000000,1
0.876179,0.096594,-1.463364,0.000000,1
1.122510,2.068028,-1.034170,1.000000,1
1.185830,-0.027380,-0.139671,1.000000,1
-1.925486,0.225371,0.363374,0.000000,0
2.504761,-0.073801,1.097781,0.000000,0
0.609663,-0.873419,-1.014613,0.000000,0
0.457938,-1.172358,1.610739,1.000000,1
-0.295210,-0.428041,-0.320740,1.000000,1
1.179708,1.163423,0.307104,0.000000,1
2.665427,-0.977281,-0.581805,1.000000,1
-1.490943,0.106979,-0.677158,0.000000,0
-0.625830,-1.192354,-0.203172,0.000000,0
-0.283549,0.536923,-1.114595,1.000000,1
0.025950,-0.332585,-3.457021,1.000000,1
-0.366478,-0.852049,0.857319,0.000000,1
-0.628346,-0.665810,-0.192819,0.000000,0
-0.441123,-0.313212,-1.357929,0.000000,0
0.662264,1.595946,0.814045,1.000000,1
-1.171618,-0.529230,1.638050,1.000000,1
-0.629019,-0.866908,-0.289411,0.000000,0
0.907524,-0.714015,-0.410301,1.000000,1
-1.411224,0.961650,0.393219,1.000000,1
-0.602666,0.781951,1.427823,0.000000,0
0.002447,2.329882,0.641260,1.000000,1
2.196287,-0.802099,0.056976,0.000000,1
0.203451,0.435009,0.484172,1.000000,1
-2.834871,0.169943,2.727965,0.000000,0
0.595890,0.801567,-0.982355,1.000000,1
-0.920097,-0.112215,1.262321,1.000000,1
-1.325055,0.038649,-1.226070,1.000000,1
-0.828304,1.300902,2.691305,0.000000,0
-0.157147,1.375795,-1.328873,1.000000,1
0.024261,-0.433123,-0.111597,0.000000,0
-1.131168,-0.150673,-1.239407,1.000000,1
-1.233369,0.075223,-0.308266,1.000000,1
-1.696494,-1.426720,-0.197045,0.000000,0
-0.343184,0.456265,-1.414564,1.000000,1
-0.675551,0.183997,0.047743,0.000000,0
-0.257774,-0.847798,0.243262,0.000000,0
-0.860435,0.408981,0.535359,1.000000,1
-0.335635,-0.136714,0.238444,1.000000,0
0.842927,-2.052989,-0.215168,0.000000,0
0.995376,-1.030770,-0.372578,0.000000,0
-0.113314,0.453005,0.538217,0.000000,0
0.650945,-0.010633,-0.037066,1.000000,1
-0.265190,0.062364,0.228757,1.000000,1
-0.187365,-0.156137,1.249967,0.000000,1
0.018952,0.575869,1.338100,1.000000,0
0.734012,-1.869904,-0.419642,0.000000,0
1.363947,-1.000320,-0.080141,1.000000,1
-0.860819,-1.150876,0.901748,0.000000,0
1.705801,-0.935438,-1.341801,1.000000,1
0.012754,0.328812,-1.133116,1.000000,1
0.359910,2.940948,0.812217,1.000000,1
0.018448,0.641750,-0.427071,1.000000,1
-1.342469,0.422948,-1.161180,0.000000,0
0.384942,-1.721792,-0.264574,1.000000,1
0.768474,-1.010764,0.119804,1.000000,1
0.315334,1.726265,0.990928,1.000000,1
-0.329459,-1.383564,-1.219180,0.000000,0
-0.370523,-1.563081,0.161147,1.000000,0
-0.298161,-0.260395,2.069791,0.000000,0
-0.530427,1.371973,0.118744,1.000000,1
0.225033,0.122412,0.486794,1.000000,1
1.567930,0.163172,1.429807,1.000000,1
0.465997,-1.346092,0.045921,1.000000,1
0.813681,2.668507,0.518340,1.000000,1
0.396859,0.758248,1.532581,0.000000,0
-1.057578,0.677091,0.097076,0.000000,0
-2.134508,-1.169648,-0.306858,0.000000,0
-0.296604,-1.270072,0.783582,0.000000,0
1.176175,-0.068343,1.762074,1.000000,1
0.885902,0.375991,-0.943611,1.000000,1
0.152849,-0.903267,1.414602,0.000000,0
0.450680,-1.594750,-2.307174,1.000000,1
-1.319157,0.917943,-0.057566,1.000000,1
0.257377,0.568318,0.013011,0.000000,0
0.767672,0.729574,1.870359,1.000000,1
-0.046325,-1.514635,-0.054254,1.000000,0
0.608797,0.848619,0.219864,0.000000,1
-0.503482,-0.308888,-0.233748,0.000000,0
-1.402114,-1.915869,-0.260433,0.000000,0
-0.984984,0.468475,1.127525,0.000000,0
0.970334,-0.550233,-1.939712,1.000000,1
1.458525,0.424224,0.475625,1.000000,1
-0.300970,1.678498,0.150787,1.000000,1
2.718172,-0.113993,1.037416,1.000000,1
0.573757,1.308883,0.494864,1.000000,1
-0.401554,0.075025,1.357198,0.000000,0
1.218867,-0.104875,0.357338,0.000000,0
-0.707067,-0.221524,-0.091847,0.000000,0
-1.652908,-1.399919,-0.693523,0.000000,0
-0.647318,-0.027664,0.324022,1.000000,1
-0.199794,-0.242941,0.626335,0.000000,0
-1.070753,0.775129,0.472611,0.000000,0
0.416249,2.028004,-1.644536,1.000000,1
1.830835,-0.956359,-0.871805,1.000000,1
-0.747836,-0.923643,-0.027579,0.000000,0
-1.226749,0.039246,-0.021435,0.000000,0
0.060833,0.614546,0.059018,1.000000,1
-0.301755,0.959348,1.001425,1.000000,1
0.621503,0.532906,1.563142,1.000000,1
-0.429690,-0.681738,0.864894,0.000000,0
-1.227624,-1.036583,-0.200968,0.000000,0
0.390369,-0.348329,-1.672116,1.000000,1
0.158831,2.499923,-1.158655,1.000000,1
0.373436,0.731859,-1.532182,1.000000,1
0.657182,0.300007,-0.208837,1.000000,1
-0.469078,0.303538,-1.484447,1.000000,1
-0.647563,0.781335,0.736798,1.000000,1
-0.346553,-1.067850,-0.166133,0.000000,0
-0.569285,-0.521435,0.250647,0.000000,1
0.662411,-0.012573,0.145361,0.000000,0
-0.737105,0.941460,0.235114,1.000000,0
0.993392,-0.140650,-0.031096,1.000000,1
0.948802,1.213676,1.244989,1.000000,1
-0.904727,-0.074181,-1.668602,1.000000,1
1.631987,-0.786508,-0.866441,1.000000,1
0.853069,1.049005,0.211209,1.000000,1
-0.098600,1.585496,0.188105,1.000000,1
1.377124,-1.886411,-0.331224,1.000000,1
1.087819,1.257139,0.259891,1.000000,1
-0.743911,0.090747,0.281200,1.000000,1
0.590473,1.724440,0.393965,1.000000,1
1.499145,1.901709,1.412013,1.000000,1
1.181667,1.330705,-0.494779,0.000000,0
0.529109,0.079941,-1.668283,1.000000,1
1.467877,-0.899272,0.058365,1.000000,1
-0.665376,0.713678,0.747886,1.000000,1
-1.127546,1.224563,-1.152320,1.000000,1
1.260063,-0.574234,-1.284692,0.000000,0
-0.547733,0.296484,1.270557,1.000000,1
0.629099,-0.957071,-0.481925,0.000000,0
0.207914,1.501571,-0.885564,1.000000,1
0.289653,-0.557549,-0.907885,0.000000,0
-0.159615,-0.374932,-1.225708,1.000000,1
-0.651912,0.335238,-1.487912,1.000000,1
-0.172215,-0.084551,0.510485,0.000000,0
-0.357057,-0.324285,0.918647,0.000000,0
0.370546,-0.094995,0.321656,1.000000,1
0.137107,-0.535013,-0.873672,0.000000,1
0.928524,-0.746746,-0.901139,0.000000,0
-2.162351,-0.562105,0.769668,0.000000,0
-0.924501,-0.008714,-0.315051,0.000000,0
0.050547,0.892289,1.361402,1.000000,1
-0.055151,0.970218,-0.786372,1.000000,1
-0.691884,1.034071,-0.419626,1.000000,1
-0.835748,0.513481,-1.217518,0.000000,0
-1.085587,-1.308715,1.239740,0.000000,0
-0.073748,-0.052263,0.086885,0.000000,0
0.991851,-1.369821,-1.328524,0.000000,0
-1.376139,0.239082,-0.355220,0.000000,0
-0.454816,-0.639222,-0.526750,0.000000,0
1.348102,-0.727989,0.948059,0.000000,0
0.288434,0.377058,1.016716,0.000000,0
1.451858,0.595615,-1.723283,1.000000,1
1.419328,-0.510550,-1.081020,0.000000,0
0.548052,1.036851,-1.172889,1.000000,1
-0.470662,-0.420438,0.895057,1.000000,1
-0.502533,-0.326973,-0.549624,0.000000,0
-0.370470,-1.645201,-0.192142,1.000000,1
0.016903,-0.085716,0.545985,1.000000,1
-0.213460,-0.810655,0.223432,0.000000,0
-0.260112,0.190856,-0.172351,0.000000,0
0.204155,-0.323535,-0.510914,0.000000,0
-0.459729,-1.079415,-0.416911,0.000000,0
-1.125727,-0.469934,0.113376,0.000000,0
0.444235,-0.546124,1.237009,0.000000,1
1.816417,0.416505,0.933424,1.000000,1
-1.057821,1.163181,1.392335,0.000000,0
0.989606,-0.654695,-1.465113,1.000000,1
1.540618,0.637132,0.238789,1.000000,1
-1.681772,-0.532470,0.303288,0.000000,0
-0.786461,0.533296,0.268215,0.000000,0
0.506329,1.131457,-0.508363,1.000000,1
1.726394,-0.333084,0.227898,1.000000,1
-1.106074,-0.042797,-0.484276,1.000000,1
-1.958475,-0.561116,1.300293,0.000000,0
-1.714803,-1.314173,0.021505,0.000000,0
-0.282216,0.792577,0.877960,1.000000,1
0.255552,0.100074,-0.386222,1.000000,1
-0.536932,1.776150,0.115622,1.000000,1
0.034491,0.982223,-1.867218,1.000000,1
0.305377,1.096328,-0.880592,1.000000,1
-0.600535,1.053606,-1.036963,1.000000,1
-0.355772,-0.820227,-1.220487,0.000000,1
-0.976637,0.111213,1.170551,0.000000,0
0.999901,0.276354,0.569557,1.000000,1
-0.330827,-0.255343,1.742944,0.000000,0
0.815878,-0.792499,-0.028336,1.000000,1
0.753057,0.283931,-0.370446,1.000000,1
0.475979,1.125105,-1.126257,1.000000,1
-0.011693,-0.812769,0.878333,1.000000,1
3.452680,0.610273,0.689208,1.000000,1
-0.276795,-0.012785,-1.488639,1.000000,1
-0.388510,-0.306523,1.352188,0.000000,0
-0.756542,-0.067081,-0.403916,1.000000,1
-0.841758,0.624570,0.872824,0.000000,0
-0.065939,-1.252352,-0.545123,1.000000,1
-1.474714,-1.105703,-0.020179,0.000000,0
-0.379720,0.143999,0.496268,0.000000,0
-0.328777,1.216868,-1.802056,1.000000,1
0.238409,-0.029332,-0.025078,0.000000,0
0.864465,0.675611,0.509804,1.000000,1
0.444160,1.823841,0.198319,1.000000,1
-0.170321,0.603829,-0.541941,0.000000,0
-0.389413,0.548241,-1.135123,0.000000,0
-0.502192,-0.716069,0.165896,0.000000,0
0.716214,-1.260890,2.008456,0.000000,0
-0.427584,0.732108,-0.292554,1.000000,1
-1.857742,-0.045949,0.542165,0.000000,0
-0.650381,-1.059088,-0.810025,0.000000,0
0.367982,-1.853352,-0.175358,0.000000,0
0.092929,-0.603468,-0.417571,0.000000,0
1.654351,0.805139,0.069815,1.000000,1
-0.005211,1.238546,0.206523,0.000000,0
1.532947,0.052653,-0.478641,1.000000,1
0.286512,0.594804,0.579350,0.000000,0
2.067811,0.299679,-0.509711,1.000000,1
-1.070303,-0.963667,-0.222934,0.000000,0
-0.706259,-0.586615,-0.099059,0.000000,0
0.725718,-0.749074,0.273464,0.000000,0
0.535549,-0.400386,-0.532960,1.000000,1
-0.121864,0.061790,0.944717,1.000000,1
1.225233,-1.231889,0.107195,1.000000,1
-1.501118,-0.822000,1.317748,0.000000,0
-0.388795,0.443488,0.427501,0.000000,0
-0.741837,0.816775,1.287899,1.000000,0
-1.000645,0.344012,-1.774154,1.000000,1
0.881690,-0.179795,-1.514411,1.000000,1
0.006733,0.064620,0.236252,1.000000,1
-0.568583,0.591018,0.625246,0.000000,0
1.542866,1.179450,-0.581057,0.000000,1
1.820859,0.106724,-1.994501,1.000000,1
-0.376846,0.035294,-0.296239,0.000000,1
-0.381291,-1.160556,2.234266,0.000000,0
-0.018372,1.047935,-0.686649,1.000000,1
0.731468,-1.364918,0.061162,1.000000,1
0.421902,-0.549925,1.615795,0.000000,0
0.052688,-0.442225,0.687139,0.000000,0
0.842662,0.748669,0.200746,1.000000,1
-0.110391,1.252269,1.209407,1.000000,1
-0.119111,2.193227,0.216118,1.000000,1
0.307501,-0.319931,0.452127,0.000000,0
1.595140,0.524524,0.661343,1.000000,1
-0.191794,-0.633809,-0.734747,1.000000,1
0.185667,1.219198,0.174041,1.000000,1
-1.488113,-1.730337,0.083239,1.000000,1
-0.558388,0.182098,0.135343,0.000000,0
0.372589,-0.215555,0.227397,0.000000,0
0.657168,-0.879709,-0.370325,0.000000,0
0.541835,-0.164246,-1.075574,1.000000,1
1.401129,2.582309,-1.380558,1.000000,1
-2.347794,-1.481261,0.180272,0.000000,0
0.500741,1.733674,0.913189,1.000000,1
1.045191,1.888139,1.225810,1.000000,1
-0.059433,-1.070816,-2.604844,1.000000,1
-0.982970,1.073456,-1.184451,1.000000,1
1.141704,0.265262,0.296781,1.000000,1
-0.885902,-0.535496,-2.126213,1.000000,1
-0.986492,-0.283027,-1.380105,0.000000,0
1.601640,-0.364966,0.056195,1.000000,1
-0.320765,-0.631422,-1.964317,1.000000,1
-1.742362,-0.232802,0.538798,1.000000,0
1.355335,-1.172894,-1.115217,1.000000,1
-0.231211,-0.422252,1.099604,0.000000,0
0.415922,2.773453,0.847834,0.000000,0
-0.127350,-0.180376,-0.196040,1.000000,1
1.309447,-1.986401,1.047659,0.000000,0
2.756550,0.575318,-0.423773,1.000000,1
0.493419,0.936118,1.455520,1.000000,1
0.221197,0.083294,0.621554,0.000000,0
0.709052,-0.001853,0.509236,1.000000,1
0.411661,-0.689384,0.191319,0.000000,0
0.729253,-0.472222,0.499334,0.000000,0
0.286884,-0.514020,1.143183,0.000000,0
1.524833,0.697137,-1.536213,0.000000,0
-0.854533,0.752285,0.254840,1.000000,1
0.465828,0.757233,-0.610492,1.000000,1
-0.519893,-1.420221,0.028805,0.000000,0
0.739891,-2.429722,2.294677,0.000000,0
-1.142911,-0.324208,-0.289319,0.000000,0
-1.303379,0.525984,-0.099255,0.000000,0
-1.262133,-1.048630,0.493661,0.000000,0
-0.085958,-1.972404,-0.631010,1.000000,0
1.347501,1.308388,0.963167,1.000000,1
-0.093985,0.004153,1.233094,1.000000,1
2.476544,-0.476421,0.142915,0.000000,0
-0.176021,0.894120,0.856987,0.000000,0
-1.238930,0.564105,-0.453879,0.000000,0
-0.447507,-0.512174,0.433604,0.000000,0
-1.193208,-0.049607,-1.075237,0.000000,0
0.810678,0.522629,-1.422219,1.000000,1
0.394087,1.155842,2.057158,1.000000,1
-1.266438,0.355983,-0.607581,0.000000,0
0.296973,-0.401469,1.098642,0.000000,0
-1.673425,1.979680,0.808967,0.000000,0
-1.007082,0.498258,1.565014,0.000000,0
-1.190254,0.674353,0.312454,1.000000,1
0.530440,-0.190651,-0.643405,0.000000,0
1.240746,2.947280,0.548948,1.000000,0
-0.161255,0.109257,1.277690,0.000000,0
-0.272014,-0.685884,-0.257708,0.000000,0
1.505270,-0.130496,-0.545359,0.000000,0
0.952316,0.448929,-0.504640,1.000000,1
0.813885,0.095179,0.226169,1.000000,1
-0.176239,-0.465115,0.517194,0.000000,0
0.573688,-0.335500,-0.005236,0.000000,0
0.571366,-2.061984,-0.465543,0.000000,0
-0.061780,-1.068890,0.756528,0.000000,0
-0.529792,1.532929,2.644569,0.000000,0
0.668735,-0.458226,0.964438,1.000000,1
-0.725031,-2.955525,-1.102847,0.000000,0
-0.319852,0.403774,1.300346,0.000000,0
-0.409275,-0.428643,-3.407469,1.000000,1
-0.983124,-0.192472,-0.546602,1.000000,1
-0.421388,-1.061207,1.409153,0.000000,0
0.819628,0.967346,-1.088706,1.000000,1
-0.929999,-0.813210,1.029699,0.000000,0
0.692237,-1.203373,0.774075,1.000000,1
-0.572339,-0.986004,0.402844,0.000000,0
-0.869544,-0.991449,-0.297092,0.000000,0
-0.174744,-1.005700,0.410517,1.000000,1
-0.711534,1.418765,-0.023725,0.000000,0
-0.106426,-0.143643,0.339259,0.000000,0
0.422310,0.793632,2.247675,0.000000,0
-0.419191,1.070450,-0.225436,0.000000,0
0.122302,-1.431246,-0.156756,0.000000,0
0.673010,0.237340,-1.878163,0.000000,0
-0.308504,-1.496796,1.152738,1.000000,1
-0.450366,0.379902,1.450812,0.000000,0
0.107460,-0.386297,0.405398,0.000000,0
-1.137477,-0.376696,1.513854,0.000000,0
0.672629,1.255581,0.652570,1.000000,1
-0.559949,0.041153,-0.044945,0.000000,0
-0.659168,-0.472797,-0.845305,0.000000,0
0.606254,0.951475,-1.222737,1.000000,1
0.028055,-0.723813,0.968314,0.000000,0
0.595639,0.312269,0.156049,0.000000,0
-0.837329,-1.472249,0.636277,0.000000,0
0.893398,-0.652460,-0.361432,1.000000,1
0.049073,-0.270342,0.765764,0.000000,0
-0.965164,0.582226,0.003329,0.000000,0
-0.897988,-0.840369,0.352009,1.000000,1
-1.305618,-0.793643,0.970328,0.000000,0
-1.522103,1.240884,1.347062,0.000000,0
0.177062,0.085869,0.542730,1.000000,1
0.721408,0.204566,0.965268,1.000000,1
-0.256698,0.975405,-0.813380,1.000000,1
0.640996,-0.172106,0.557000,1.000000,1
0.836951,-0.059267,-1.876046,1.000000,1
-0.803403,-0.796677,-0.155620,1.000000,1
-0.243361,-0.116558,-0.828408,0.000000,1
-0.784171,-0.237342,-0.770244,1.000000,1
0.802799,-0.345421,-1.455283,1.000000,1
-0.543399,0.747386,-1.401153,1.000000,1
-0.249358,-1.382279,-0.630929,0.000000,0
0.230051,-1.078206,0.901748,0.000000,0
2.327124,0.596713,1.083569,1.000000,1
-1.541672,0.451416,-0.126770,1.000000,1
-0.809290,0.812127,-0.143233,0.000000,0
0.384273,-2.101705,-0.122314,0.000000,0
0.557100,-0.343191,0.206888,0.000000,0
-0.604662,1.463528,0.025873,1.000000,0
2.384395,0.416643,0.023791,1.000000,1
0.055585,0.012183,1.709918,0.000000,0
1.513899,-0.993155,0.004621,1.000000,1
